otu_id	^ot:ottTaxonName	^ot:ottId	^ncbi:taxon	^ncbi:accession	^physcraper:last_blasted	^physcraper:ingroup	^physcraper:status	^ot:originalLabel	^ncbi:title	^physcraper:in_current_aln
otu420099	Helwingia chinensis	468906	146502	-	None	False	original	Helwingia_chinensis	-	True
otu420083	Helwingia japonica	1030991	16915	-	None	False	original	Helwingia_japonica	-	True
otu420106	Ilex paraguariensis	589430	185542	-	2020/07/30	True	original	Ilex_paraguariensis	-	True
otu420069	Ilex mucronata	224625	185535	-	2020/07/30	True	original	Ilex_mucronata	-	True
otu420113	Ilex amelanchier	432615	53196	-	2020/07/30	True	original	Ilex_amelanchier	-	True
otu420084	Ilex collina	468913	146504	-	2020/07/30	True	original	Ilex_collina	-	True
otu420092	Ilex decidua	676165	53201	-	2020/07/30	True	original	Ilex_decidua	-	True
otu420079	Ilex vomitoria	727576	4297	-	2020/07/30	True	original	Ilex_vomitoria	-	True
otu420076	Ilex anomala	432613	53197	-	2020/07/30	True	original	Ilex_anomala	-	True
otu420085	Ilex rugosa	1015271	53212	-	2020/07/30	True	original	Ilex_rugosa	-	True
otu420098	Ilex maximowicziana	89476	58292	-	2020/07/30	True	original	Ilex_maximowicziana	-	True
otu420072	Ilex cornuta	468915	146505	-	2020/07/30	True	original	Ilex_cornuta	-	True
otu420095	Ilex dimorphophylla	89483	58296	-	2020/07/30	True	original	Ilex_dimorphophylla	-	True
otu420075	Ilex buergeri	89480	58297	-	2020/07/30	True	original	Ilex_buergeri	-	True
otu420112	Ilex latifolia	676217	53205	-	2020/07/30	True	original	Ilex_latifolia	-	True
otu420103	Ilex warburgii	89485	58299	-	2020/07/30	True	original	Ilex_warburgii	-	True
otu420086	Ilex liukiuensis	796105	58303	-	2020/07/30	True	original	Ilex_liukiuensis	-	True
otu420073	Ilex x kiusiana	5144136	58298	-	2020/07/30	True	original	Ilex_kiusiana	-	True
otu420077	Ilex integra	751453	53204	-	2020/07/30	True	original	Ilex_integra	-	True
otu420080	Ilex beecheyi	796111	58300	-	2020/07/30	True	original	Ilex_beecheyi	-	True
otu420101	Ilex percoriacea	796107	58302	-	2020/07/30	True	original	Ilex_percoriacea	-	True
otu420094	Ilex mertensii	796109	58301	-	2020/07/30	True	original	Ilex_mertensii	-	True
otu420088	Ilex rotunda	1015268	53211	-	2020/07/30	True	original	Ilex_rotunda	-	True
otu420087	Ilex serrata	796121	58304	-	2020/07/30	True	original	Ilex_serrata	-	True
otu420070	Ilex glabra	458761	109210	-	2020/07/30	True	original	Ilex_glabra	-	True
otu420108	Ilex macropoda	796117	58305	-	2020/07/30	True	original	Ilex_macropoda	-	True
otu420109	Ilex micrococca	676195	53206	-	2020/07/30	True	original	Ilex_micrococca	-	True
otu420114	Ilex yunnanensis	1015274	53213	-	2020/07/30	True	original	Ilex_yunnanensis	-	True
otu420090	Ilex mitis	676179	53207	-	2020/07/30	True	original	Ilex_mitis	-	True
otu420074	Ilex canariensis	676173	53200	-	2020/07/30	True	original	Ilex_canariensis	-	True
otu420081	Ilex taubertiana	967825	224368	-	2020/07/30	True	original	Ilex_taubertiana	-	True
otu420100	Ilex brevicuspis	432620	53199	-	2020/07/30	True	original	Ilex_brevicuspis	-	True
otu420089	Ilex microdonta	222016	185533	-	2020/07/30	True	original	Ilex_microdonta_Gbk	-	True
otu420096	Ilex pseudobuxus	1015266	53210	-	2020/07/30	True	original	Ilex_pseudobuxus	-	True
otu420107	Ilex microdonta	222016	185533	-	2020/07/30	True	original	Ilex_microdonta	-	True
otu420082	Ilex brasiliensis	432622	53198	-	2020/07/30	True	original	Ilex_brasiliensis	-	True
otu420104	Ilex theezans	68451	185555	-	2020/07/30	True	original	Ilex_theezans	-	True
otu420071	Ilex theezans	68451	185555	-	2020/07/30	True	original	Ilex_theezans_Gbk	-	True
otu420093	Ilex integerrima	171374	185519	-	2020/07/30	True	original	Ilex_integerrima	-	True
otu420078	Ilex argentina	302247	185491	-	2020/07/30	True	original	Ilex_argentina	-	True
otu420097	Ilex pedunculosa	751461	53208	-	2020/07/30	True	original	Ilex_pedunculosa	-	True
otu420102	Ilex cassine	468907	146503	-	2020/07/30	True	original	Ilex_cassine	-	True
otu420110	Ilex argentina	302247	185491	-	2020/07/30	True	original	Ilex_argentina_Gbk	-	True
otu420067	Ilex opaca	660052	101729	-	2020/07/30	True	original	Ilex_opaca	-	True
otu420091	Ilex dumosa var. guaranina	967823	224369	-	2020/07/30	True	original	Ilex_dumosa_guaranina	-	True
otu420111	Ilex dumosa var. dumosa	967819	224367	-	2020/07/30	True	original	Ilex_dumosa_dumosa	-	True
otu420105	Ilex mutchagara	89474	58293	-	2020/07/30	True	original	Ilex_mutchagara	-	True
otu420068	Ilex crenata	671004	4296	-	2020/07/30	True	original	Ilex_crenata	-	True
otuPS1	Ilex matanoana	89478	58294	AH007254.2	2020/07/30	True	new	-	Ilex matanoana 18S ribosomal RNA gene, partial sequence; internal transcribed spacer 1, complete sequence; 5.8S ribosomal RNA gene, partial sequence; and internal transcribed spacer 2 and 26S ribosomal RNA gene, complete sequence	True
otuPS2	Ilex matanoana	89478	58294	FJ394698.1	2020/07/30	True	new	-	Ilex matanoana voucher A. Soejima 930210 internal transcribed spacer 1, partial sequence; 5.8S ribosomal RNA gene, complete sequence; and internal transcribed spacer 2, partial sequence<>Ilex mertensii voucher A. Soejima 930208 internal transcribed spacer 1, partial sequence; 5.8S ribosomal RNA gene, complete sequence; and internal transcribed spacer 2, partial sequence	True
otuPS3	Ilex formosana	89260	504107	MK034006.1	2020/07/30	True	new	-	Ilex formosana isolate Y200 18S small subunit ribosomal RNA gene, partial sequence; internal transcribed spacer 1, 5.8S ribosomal RNA gene, and internal transcribed spacer 2, complete sequence; and 26S large subunit ribosomal RNA gene, partial sequence	True
otuPS4	Ilex formosana	89260	504107	MK034005.1	None	True	identical and/or subsequence of otuPS3, not added	-	Ilex formosana isolate Y187 18S small subunit ribosomal RNA gene, partial sequence; internal transcribed spacer 1, 5.8S ribosomal RNA gene, and internal transcribed spacer 2, complete sequence; and 26S large subunit ribosomal RNA gene, partial sequence	False
otuPS5	Ilex confertiflora	5746254	1603726	KP092548.1	2020/07/30	True	new	-	Ilex confertiflora isolate SCBGP404_2 internal transcribed spacer 1, partial sequence; 5.8S ribosomal RNA gene, complete sequence; and internal transcribed spacer 2, partial sequence	True
otuPS6	Ilex confertiflora	5746254	1603726	KP092547.1	2020/07/30	True	new	-	Ilex confertiflora isolate SCBGP404_1 internal transcribed spacer 1, partial sequence; 5.8S ribosomal RNA gene, complete sequence; and internal transcribed spacer 2, partial sequence	True
otuPS7	Ilex x wandoensis	5144138	525220	MK240423.1	2020/07/30	True	new	-	Ilex x wandoensis clone isolate WA2-6 small subunit ribosomal RNA gene, partial sequence; internal transcribed spacer 1, 5.8S ribosomal RNA gene, and internal transcribed spacer 2, complete sequence; and large subunit ribosomal RNA gene, partial sequence	True
otuPS8	Ilex x wandoensis	5144138	525220	MK240426.1	2020/07/30	True	new	-	Ilex x wandoensis isolate BM2 small subunit ribosomal RNA gene, partial sequence; internal transcribed spacer 1, 5.8S ribosomal RNA gene, and internal transcribed spacer 2, complete sequence; and large subunit ribosomal RNA gene, partial sequence	True
otuPS9	Ilex integra	751453	53204	AB607211.1	None	True	removed in sampling down to 5 per spp.	-	Ilex integra genes for ITS1, 5.8S rRNA, ITS2, partial and complete sequence, sex: female<>Ilex integra genes for ITS1, 5.8S rRNA, ITS2, partial and complete sequence, sex: male	False
otuPS10	Ilex integra	751453	53204	EU647663.1	2020/07/31	True	identical and/or subsequence of otuPS158, not added	-	Ilex integra isolate 3 internal transcribed spacer 1, partial sequence; 5.8S ribosomal RNA gene, complete sequence; and internal transcribed spacer 2, partial sequence	False
otuPS11	Ilex integra	751453	53204	EU647656.1	2020/07/30	True	new	-	Ilex integra isolate 1 internal transcribed spacer 1, partial sequence; 5.8S ribosomal RNA gene, complete sequence; and internal transcribed spacer 2, partial sequence<>Ilex integra isolate 2 internal transcribed spacer 1, partial sequence; 5.8S ribosomal RNA gene, complete sequence; and internal transcribed spacer 2, partial sequence	True
otuPS12	Ilex integra	751453	53204	MK033993.1	2020/07/30	True	new	-	Ilex integra isolate Y118 18S small subunit ribosomal RNA gene, partial sequence; internal transcribed spacer 1, 5.8S ribosomal RNA gene, and internal transcribed spacer 2, complete sequence; and 26S large subunit ribosomal RNA gene, partial sequence	True
otuPS13	Ilex integra	751453	53204	FJ394690.1	2020/07/30	True	new	-	Ilex integra voucher H. Nagamasu 5073 internal transcribed spacer 1, partial sequence; 5.8S ribosomal RNA gene, complete sequence; and internal transcribed spacer 2, partial sequence	True
otuPS14	Ilex x wandoensis	5144138	525220	MK240424.1	2020/07/30	True	new	-	Ilex x wandoensis clone isolate WA2-7 small subunit ribosomal RNA gene, partial sequence; internal transcribed spacer 1, 5.8S ribosomal RNA gene, and internal transcribed spacer 2, complete sequence; and large subunit ribosomal RNA gene, partial sequence	True
otuPS15	Ilex tetramera	5746267	2606428	MK033996.1	2020/07/30	True	new	-	Ilex tetramera isolate Y153 18S small subunit ribosomal RNA gene, partial sequence; internal transcribed spacer 1, 5.8S ribosomal RNA gene, and internal transcribed spacer 2, complete sequence; and 26S large subunit ribosomal RNA gene, partial sequence	True
otuPS16	Ilex tetramera	5746267	2606428	MK033995.1	2020/07/30	True	new	-	Ilex tetramera isolate Y151 18S small subunit ribosomal RNA gene, partial sequence; internal transcribed spacer 1, 5.8S ribosomal RNA gene, and internal transcribed spacer 2, complete sequence; and 26S large subunit ribosomal RNA gene, partial sequence	True
otuPS17	Ilex x wandoensis	5144138	525220	MK240416.1	2020/07/30	True	new	-	Ilex x wandoensis clone isolate BM7-3 small subunit ribosomal RNA gene, partial sequence; internal transcribed spacer 1, 5.8S ribosomal RNA gene, and internal transcribed spacer 2, complete sequence; and large subunit ribosomal RNA gene, partial sequence	True
otuPS18	Ilex cinerea	6055208	1562320	MK034004.1	2020/07/30	True	new	-	Ilex cinerea isolate Y143 18S small subunit ribosomal RNA gene, partial sequence; internal transcribed spacer 1, 5.8S ribosomal RNA gene, and internal transcribed spacer 2, complete sequence; and 26S large subunit ribosomal RNA gene, partial sequence	True
otuPS19	Ilex buergeri	89480	58297	MK034009.1	2020/07/30	True	new	-	Ilex buergeri isolate Y135 18S small subunit ribosomal RNA gene, partial sequence; internal transcribed spacer 1, 5.8S ribosomal RNA gene, and internal transcribed spacer 2, complete sequence; and 26S large subunit ribosomal RNA gene, partial sequence	True
otuPS20	Ilex ficoidea	311432	504559	MK164406.1	2020/07/30	True	new	-	Ilex ficoidea isolate Y216 18S ribosomal RNA gene, partial sequence; internal transcribed spacer 1, 5.8S ribosomal RNA gene, and internal transcribed spacer 2, complete sequence; and 26S ribosomal RNA gene, partial sequence	True
otuPS21	Ilex ficoidea	311432	504559	MK164405.1	None	True	identical and/or subsequence of otuPS20, not added	-	Ilex ficoidea isolate Y206 18S ribosomal RNA gene, partial sequence; internal transcribed spacer 1, 5.8S ribosomal RNA gene, and internal transcribed spacer 2, complete sequence; and 26S ribosomal RNA gene, partial sequence	False
otuPS22	Ilex cyrtura	694207	185505	FJ394676.1	2020/07/30	True	new	-	Ilex cyrtura voucher S. Andrews SA1492 internal transcribed spacer 1, partial sequence; 5.8S ribosomal RNA gene, complete sequence; and internal transcribed spacer 2, partial sequence	True
otuPS23	Ilex buergeri	89480	58297	FJ394663.1	2020/07/30	True	new	-	Ilex buergeri voucher H. Nagamasu 5369 internal transcribed spacer 1, partial sequence; 5.8S ribosomal RNA gene, complete sequence; and internal transcribed spacer 2, partial sequence	True
otuPS24	Ilex guangnanensis	6055295	2520618	MK164407.1	2020/07/30	True	new	-	Ilex guangnanensis isolate Y220 18S ribosomal RNA gene, partial sequence; internal transcribed spacer 1, 5.8S ribosomal RNA gene, and internal transcribed spacer 2, complete sequence; and 26S ribosomal RNA gene, partial sequence	True
otuPS25	Ilex ficoidea	311432	504559	FJ394682.1	2020/07/30	True	new	-	Ilex ficoidea voucher S. Andrews SA1505 internal transcribed spacer 1, partial sequence; 5.8S ribosomal RNA gene, complete sequence; and internal transcribed spacer 2, partial sequence	True
otuPS26	Ilex cornuta	468915	146505	MH711786.1	2020/07/30	True	new	-	Ilex cornuta voucher XA038 internal transcribed spacer 1, partial sequence; 5.8S ribosomal RNA gene, complete sequence; and internal transcribed spacer 2, partial sequence	True
otuPS27	Ilex hirsuta	5232388	1398196	KF255666.1	2020/07/30	True	identical and/or subsequence of otuPS170, not added	-	Ilex hirsuta isolate DQ_2 internal transcribed spacer 1, partial sequence; 5.8S ribosomal RNA gene, complete sequence; and internal transcribed spacer 2, partial sequence	False
otuPS28	Ilex pedunculosa	751461	53208	AJ275341.1	2020/07/30	True	new	-	Ilex pedunculosa chloroplast 5.8S rRNA gene, internal transcribed spacer 1 (ITS1) and internal transcribed spacer 2 (ITS2)	True
otuPS29	Ilex yunnanensis	1015274	53213	AJ275337.1	2020/07/30	True	new	-	Ilex yunnanensis chloroplast 5.8S rRNA gene, internal transcribed spacer 1 (ITS1) and internal transcribed spacer 2 (ITS2)	True
otuPS30	Ilex sugerokii	68465	185553	AJ492671.1	2020/07/30	True	new	-	Ilex sugerokii ITS1 (partial), 5.8S rDNA gene and ITS2 (partial)	True
otuPS31	Ilex yunnanensis	1015274	53213	FJ394726.1	2020/07/30	True	new	-	Ilex yunnanensis voucher S. Andrews SA1508 internal transcribed spacer 1, partial sequence; 5.8S ribosomal RNA gene, complete sequence; and internal transcribed spacer 2, partial sequence	True
otuPS32	Ilex shennongjiaensis	68459	185550	AJ492670.1	2020/07/30	True	new	-	Ilex shennongjiaensis ITS1 (partial), 5.8S rDNA gene and ITS2 (partial)	True
otuPS33	Ilex nanchuanensis	5232391	1398199	KF255679.1	2020/07/30	True	new	-	Ilex nanchuanensis isolate DQ_18 internal transcribed spacer 1, partial sequence; 5.8S ribosomal RNA gene, complete sequence; and internal transcribed spacer 2, partial sequence	True
otuPS34	Ilex dimorphophylla	89483	58296	FJ394677.1	2020/07/30	True	new	-	Ilex dimorphophylla voucher H. Nagamasu 5370 internal transcribed spacer 1, partial sequence; 5.8S ribosomal RNA gene, complete sequence; and internal transcribed spacer 2, partial sequence	True
otuPS35	Ilex latifolia	676217	53205	AJ492691.1	2020/07/30	True	new	-	Ilex latifolia ITS1 (partial), 5.8S rDNA gene and ITS2 (partial)	True
otuPS36	Ilex rotunda	1015268	53211	FJ394710.1	None	True	identical and/or subsequence of otuPS177, not added	-	Ilex rotunda voucher S. Andrews SA1569 internal transcribed spacer 1, partial sequence; 5.8S ribosomal RNA gene, complete sequence; and internal transcribed spacer 2, partial sequence	False
otuPS37	Ilex rotunda	1015268	53211	EU647661.1	2020/07/30	True	new	-	Ilex rotunda isolate 1 internal transcribed spacer 1, partial sequence; 5.8S ribosomal RNA gene, complete sequence; and internal transcribed spacer 2, partial sequence	True
otuPS38	Ilex rotunda	1015268	53211	MK034012.1	2020/07/30	True	new	-	Ilex rotunda isolate Y192 18S small subunit ribosomal RNA gene, partial sequence; internal transcribed spacer 1, 5.8S ribosomal RNA gene, and internal transcribed spacer 2, complete sequence; and 26S large subunit ribosomal RNA gene, partial sequence	True
otuPS39	Ilex rotunda	1015268	53211	AJ786510.1	2020/07/30	True	new	-	Ilex rotunda partial ITS1, 5.8S rRNA gene and partial ITS2, isolate 4	True
otuPS40	Ilex rotunda	1015268	53211	KP092557.1	2020/07/30	True	new	-	Ilex rotunda isolate SCBGP053_1 internal transcribed spacer 1, partial sequence; 5.8S ribosomal RNA gene, complete sequence; and internal transcribed spacer 2, partial sequence	True
otuPS41	Ilex warburgii	89485	58299	FJ394721.1	2020/07/30	True	new	-	Ilex warburgii voucher H. Nagamasu 5033 internal transcribed spacer 1, partial sequence; 5.8S ribosomal RNA gene, complete sequence; and internal transcribed spacer 2, partial sequence	True
otuPS42	Ilex rugosa	1015271	53212	AJ786511.1	2020/07/30	True	new	-	Ilex rugosa partial ITS1, 5.8S rRNA gene and partial ITS2, isolate 16	True
otuPS43	Ilex delavayi	5746268	1872702	MH117573.1	2020/07/30	True	new	-	Ilex delavayi voucher YLDP020A internal transcribed spacer 1, partial sequence; 5.8S ribosomal RNA gene and internal transcribed spacer 2, complete sequence; and large subunit ribosomal RNA gene, partial sequence<>Ilex delavayi voucher YLDP020B internal transcribed spacer 1, partial sequence; 5.8S ribosomal RNA gene and internal transcribed spacer 2, complete sequence; and large subunit ribosomal RNA gene, partial sequence	True
otuPS44	Ilex rugosa	1015271	53212	AJ492692.1	2020/07/30	True	new	-	Ilex rugosa ITS1 (partial), 5.8S rDNA gene and ITS2 (partial)	True
otuPS45	Ilex hookeri	171390	185517	FJ394687.1	2020/07/30	True	new	-	Ilex hookeri voucher S. Andrews SA1464 internal transcribed spacer 1, partial sequence; 5.8S ribosomal RNA gene, complete sequence; and internal transcribed spacer 2, partial sequence	True
otuPS46	Ilex nothofagifolia	589438	185540	FJ394703.1	2020/07/30	True	new	-	Ilex nothofagifolia voucher S. Andrews SA1499 internal transcribed spacer 1, partial sequence; 5.8S ribosomal RNA gene, complete sequence; and internal transcribed spacer 2, partial sequence	True
otuPS47	Ilex maximowicziana	89476	58292	AJ492678.1	2020/07/30	True	new	-	Ilex maximowicziana ITS1 (partial), 5.8S rDNA gene and ITS2 (partial)	True
otuPS48	Ilex colchica	302259	185498	FJ394668.1	2020/07/30	True	new	-	Ilex colchica voucher S. Andrews SA1458 internal transcribed spacer 1, partial sequence; 5.8S ribosomal RNA gene, complete sequence; and internal transcribed spacer 2, partial sequence<>Ilex spinigera voucher S. Andrews SA1502 internal transcribed spacer 1, partial sequence; 5.8S ribosomal RNA gene, complete sequence; and internal transcribed spacer 2, partial sequence	True
otuPS49	Ilex perado	751458	53209	AJ492693.1	2020/07/30	True	new	-	Ilex perado ITS1 (partial), 5.8S rDNA gene and ITS2 (partial)	True
otuPS50	Ilex macropoda	796117	58305	EU647658.1	2020/07/30	True	new	-	Ilex macropoda isolate 1 internal transcribed spacer 1, partial sequence; 5.8S ribosomal RNA gene, complete sequence; and internal transcribed spacer 2, partial sequence	True
otuPS51	Ilex macropoda f. pseudomacropoda	701400	525222	EU647660.1	2020/07/30	True	new	-	Ilex macropoda f. pseudomacropoda isolate 1 internal transcribed spacer 1, partial sequence; 5.8S ribosomal RNA gene, complete sequence; and internal transcribed spacer 2, partial sequence	True
otuPS52	Ilex macropoda	796117	58305	EU647659.1	2020/07/30	True	new	-	Ilex macropoda isolate 2 internal transcribed spacer 1, partial sequence; 5.8S ribosomal RNA gene, complete sequence; and internal transcribed spacer 2, partial sequence	True
otuPS53	Ilex tsoi	404203	185558	FJ394718.1	2020/07/30	True	new	-	Ilex tsoii voucher S. Andrews SA1528 internal transcribed spacer 1, partial sequence; 5.8S ribosomal RNA gene, complete sequence; and internal transcribed spacer 2, partial sequence	True
otuPS54	Ilex aculeolata	876943	185488	FJ394656.1	2020/07/30	True	new	-	Ilex aculeolata voucher Zhong Shu Hua sn. internal transcribed spacer 1, partial sequence; 5.8S ribosomal RNA gene, complete sequence; and internal transcribed spacer 2, partial sequence	True
otuPS55	Ilex aculeolata	876943	185488	JF976673.1	2020/07/30	True	new	-	Ilex aculeolata voucher Z133 18S ribosomal RNA gene, partial sequence; internal transcribed spacer 1, 5.8S ribosomal RNA gene, and internal transcribed spacer 2, complete sequence; and 28S ribosomal RNA gene, partial sequence<>Ilex aculeolata voucher Z134 18S ribosomal RNA gene, partial sequence; internal transcribed spacer 1, 5.8S ribosomal RNA gene, and internal transcribed spacer 2, complete sequence; and 28S ribosomal RNA gene, partial sequence	True
otuPS56	Ilex fragilis	171378	185511	FJ394683.1	2020/07/30	True	new	-	Ilex fragilis voucher C.J. Wingfield sn. internal transcribed spacer 1, partial sequence; 5.8S ribosomal RNA gene, complete sequence; and internal transcribed spacer 2, partial sequence	True
otuPS57	Ilex aculeolata	876943	185488	JF976674.1	None	True	identical and/or subsequence of otuPS54, not added	-	Ilex aculeolata voucher Z136 18S ribosomal RNA gene, partial sequence; internal transcribed spacer 1, 5.8S ribosomal RNA gene, and internal transcribed spacer 2, complete sequence; and 28S ribosomal RNA gene, partial sequence	False
otuPS58	Ilex polyneura	172482	1043422	JF976694.1	2020/07/30	True	new	-	Ilex polyneura voucher Z164 18S ribosomal RNA gene, partial sequence; internal transcribed spacer 1, 5.8S ribosomal RNA gene, and internal transcribed spacer 2, complete sequence; and 28S ribosomal RNA gene, partial sequence	True
otuPS59	Ilex micrococca	676195	53206	JF976692.1	2020/07/30	True	new	-	Ilex micrococca voucher Z157 18S ribosomal RNA gene, partial sequence; internal transcribed spacer 1, 5.8S ribosomal RNA gene, and internal transcribed spacer 2, complete sequence; and 28S ribosomal RNA gene, partial sequence	True
otuPS60	Ilex micrococca	676195	53206	JF976691.1	2020/07/30	True	new	-	Ilex micrococca voucher Z158 18S ribosomal RNA gene, partial sequence; internal transcribed spacer 1, 5.8S ribosomal RNA gene, and internal transcribed spacer 2, complete sequence; and 28S ribosomal RNA gene, partial sequence	True
otuPS61	Ilex micrococca	676195	53206	AJ492684.1	2020/07/30	True	new	-	Ilex micrococca ITS1 (partial), 5.8S rDNA gene and ITS2 (partial)	True
otuPS62	Ilex serrata	796121	58304	AJ492682.1	2020/07/30	True	new	-	Ilex serrata ITS1 (partial), 5.8S rDNA gene and ITS2 (partial)	True
otuPS63	Ilex polyneura	172482	1043422	JF976693.1	2020/07/30	True	new	-	Ilex polyneura voucher Z165 18S ribosomal RNA gene, partial sequence; internal transcribed spacer 1, 5.8S ribosomal RNA gene, and internal transcribed spacer 2, complete sequence; and 28S ribosomal RNA gene, partial sequence	True
otuPS64	Ilex polyneura	172482	1043422	JF976695.1	2020/07/30	True	new	-	Ilex polyneura voucher Z162 18S ribosomal RNA gene, partial sequence; internal transcribed spacer 1, 5.8S ribosomal RNA gene, and internal transcribed spacer 2, complete sequence; and 28S ribosomal RNA gene, partial sequence	True
otuPS65	Ilex laevigata	745666	185524	FJ394694.1	2020/07/30	True	new	-	Ilex laevigata voucher S. Andrews SA1507 internal transcribed spacer 1, partial sequence; 5.8S ribosomal RNA gene, complete sequence; and internal transcribed spacer 2, partial sequence	True
otuPS66	Ilex verticillata	68444	185559	AJ492681.1	2020/07/30	True	new	-	Ilex verticillata ITS1 (partial), 5.8S rDNA gene and ITS2 (partial)	True
otuPS67	Ilex geniculata	171380	185512	FJ394684.1	2020/07/30	True	new	-	Ilex geniculata voucher S. Andrews SA1527 internal transcribed spacer 1, partial sequence; 5.8S ribosomal RNA gene, complete sequence; and internal transcribed spacer 2, partial sequence	True
otuPS68	Ilex paraguariensis	589430	185542	FJ394705.1	2020/07/30	True	new	-	Ilex paraguariensis voucher S. Andrews SA1490 internal transcribed spacer 1, partial sequence; 5.8S ribosomal RNA gene, complete sequence; and internal transcribed spacer 2, partial sequence	True
otuPS69	Ilex paraguariensis	589430	185542	AY183491.1	2020/07/30	True	new	-	Ilex paraguariensis internal transcribed spacer 1, partial sequence; 5.8S ribosomal RNA gene, complete sequence; and internal transcribed spacer 2, partial sequence	True
otuPS70	Ilex paraguariensis	589430	185542	AY183492.1	2020/07/30	True	new	-	Ilex paraguariensis internal transcribed spacer 1, partial sequence; 5.8S ribosomal RNA gene, complete sequence; and internal transcribed spacer 2, partial sequence	True
otuPS71	Ilex vomitoria	727576	4297	AJ492653.1	2020/07/30	True	new	-	Ilex vomitoria ITS1 (partial), 5.8S rDNA gene and ITS2 (partial)	True
otuPS72	Ilex dumosa var. guaranina	967823	224369	AY183488.1	2020/07/30	True	new	-	Ilex dumosa var. guaranina internal transcribed spacer 1, partial sequence; 5.8S ribosomal RNA gene, complete sequence; and internal transcribed spacer 2, partial sequence	True
otuPS73	Ilex dumosa var. guaranina	967823	224369	AY183489.1	2020/07/30	True	new	-	Ilex dumosa var. guaranina internal transcribed spacer 1, partial sequence; 5.8S ribosomal RNA gene, complete sequence; and internal transcribed spacer 2, partial sequence	True
otuPS74	Ilex dumosa var. dumosa	967819	224367	AY183479.1	2020/07/30	True	new	-	Ilex dumosa var. dumosa internal transcribed spacer 1, partial sequence; 5.8S ribosomal RNA gene, complete sequence; and internal transcribed spacer 2, partial sequence	True
otuPS75	Ilex chamaedryfolia	454092	644192	FJ394665.1	2020/07/30	True	new	-	Ilex chamaedryfolia voucher G. Hatschbach 61.222 internal transcribed spacer 1, partial sequence; 5.8S ribosomal RNA gene, complete sequence; and internal transcribed spacer 2, partial sequence	True
otuPS76	Ilex dumosa var. dumosa	967819	224367	AY183480.1	2020/07/30	True	new	-	Ilex dumosa var. dumosa internal transcribed spacer 1, partial sequence; 5.8S ribosomal RNA gene, complete sequence; and internal transcribed spacer 2, partial sequence	True
otuPS77	Ilex dumosa	751413	53202	AJ492657.1	2020/07/30	True	new	-	Ilex dumosa ITS1 (partial), 5.8S rDNA gene and ITS2 (partial), isolate 4	True
otuPS78	Ilex amara	302249	185490	FJ394657.1	2020/07/30	True	new	-	Ilex amara voucher R. Harley 26229 internal transcribed spacer 1, partial sequence; 5.8S ribosomal RNA gene, complete sequence; and internal transcribed spacer 2, partial sequence	True
otuPS79	Ilex affinis	876945	185489	KX981575.1	2020/07/30	True	new	-	Ilex affinis haplotype H2 internal transcribed spacer 1, partial sequence; 5.8S ribosomal RNA gene, complete sequence; and internal transcribed spacer 2, partial sequence	True
otuPS80	Ilex affinis	876945	185489	KX981574.1	2020/07/30	True	new	-	Ilex affinis haplotype H1 internal transcribed spacer 1, partial sequence; 5.8S ribosomal RNA gene, complete sequence; and internal transcribed spacer 2, partial sequence	True
otuPS81	Ilex dumosa	751413	53202	MG708000.1	2020/07/30	True	new	-	Ilex dumosa isolate PECB107 internal transcribed spacer 1, partial sequence; 5.8S ribosomal RNA gene, complete sequence; and internal transcribed spacer 2, partial sequence	True
otuPS82	Ilex crenata f. microphylla	666486	525221	EU647667.1	2020/07/30	True	new	-	Ilex crenata f. microphylla isolate 1 internal transcribed spacer 1, partial sequence; 5.8S ribosomal RNA gene, complete sequence; and internal transcribed spacer 2, partial sequence<>Ilex crenata f. microphylla isolate 2 internal transcribed spacer 1, partial sequence; 5.8S ribosomal RNA gene, complete sequence; and internal transcribed spacer 2, partial sequence<>Ilex crenata f. microphylla isolate 3 internal transcribed spacer 1, partial sequence; 5.8S ribosomal RNA gene, complete sequence; and internal transcribed spacer 2, partial sequence<>Ilex crenata f. microphylla isolate 4 internal transcribed spacer 1, partial sequence; 5.8S ribosomal RNA gene, complete sequence; and internal transcribed spacer 2, partial sequence	True
otuPS83	Ilex crenata	671004	4296	EU647666.1	2020/07/30	True	new	-	Ilex crenata isolate 2 internal transcribed spacer 1, partial sequence; 5.8S ribosomal RNA gene, complete sequence; and internal transcribed spacer 2, partial sequence	True
otuPS84	Ilex crenata	671004	4296	AJ492677.1	2020/07/30	True	new	-	Ilex crenata ITS1 (partial), 5.8S rDNA gene and ITS2 (partial)	True
otuPS85	Ilex mutchagara	89474	58293	AJ492674.1	2020/07/30	True	new	-	Ilex mutchagara ITS1 (partial), 5.8S rDNA gene and ITS2 (partial)	True
otuPS86	Ilex crenata	671004	4296	EU647665.1	2020/07/30	True	new	-	Ilex crenata isolate 1 internal transcribed spacer 1, partial sequence; 5.8S ribosomal RNA gene, complete sequence; and internal transcribed spacer 2, partial sequence	True
otuPS87	Ilex viridis	641711	185560	KP092561.1	2020/07/30	True	new	-	Ilex viridis isolate SCBGP407_2 internal transcribed spacer 1, partial sequence; 5.8S ribosomal RNA gene and internal transcribed spacer 2, complete sequence; and 28S ribosomal RNA gene, partial sequence	True
otuPS88	Ilex pubescens	589428	185543	KF255672.1	2020/07/30	True	identical and/or subsequence of otuPS186, not added	-	Ilex pubescens isolate DQ_9 internal transcribed spacer 1, partial sequence; 5.8S ribosomal RNA gene, complete sequence; and internal transcribed spacer 2, partial sequence	False
otuPS89	Ilex triflora	68456	185557	KP092559.1	2020/07/30	True	new	-	Ilex triflora isolate SCBGP129_1 internal transcribed spacer 1, partial sequence; 5.8S ribosomal RNA gene, complete sequence; and internal transcribed spacer 2, partial sequence	True
otuPS90	Ilex montana	222009	185534	FJ394700.1	2020/07/30	True	new	-	Ilex montana voucher S. Andrews SA1546 internal transcribed spacer 1, partial sequence; 5.8S ribosomal RNA gene, complete sequence; and internal transcribed spacer 2, partial sequence	True
otuPS91	Ilex decidua var. curtissii	694211	185503	FJ394674.1	2020/07/30	True	new	-	Ilex decidua var. curtissii voucher S. Andrews SA1543 internal transcribed spacer 1, partial sequence; 5.8S ribosomal RNA gene, complete sequence; and internal transcribed spacer 2, partial sequence<>Ilex longipes voucher S. Andrews SA1472 internal transcribed spacer 1, partial sequence; 5.8S ribosomal RNA gene, complete sequence; and internal transcribed spacer 2, partial sequence	True
otuPS92	Ilex decidua	676165	53201	AJ492680.1	2020/07/30	True	new	-	Ilex decidua ITS1 (partial), 5.8S rDNA gene and ITS2 (partial)	True
otuPS93	Ilex vomitoria	727576	4297	AF174625.1	2020/07/30	True	new	-	Ilex vomitoria 18S ribosomal RNA gene, partial sequence; internal transcribed spacer 1, 5.8S ribosomal RNA gene and internal transcribed spacer 2, complete sequence; and 26S ribosomal RNA gene, partial sequence	True
otuPS94	Ilex decidua	676165	53201	AF174624.1	2020/07/30	True	seq otuPS94 is supersequence of otuPS93, but different taxon 	-	Ilex decidua 18S ribosomal RNA gene, partial sequence; internal transcribed spacer 1, 5.8S ribosomal RNA gene and internal transcribed spacer 2, complete sequence; and 26S ribosomal RNA gene, partial sequence	True
otuPS95	Ilex collina	468913	146504	AJ492679.1	2020/07/30	True	new	-	Ilex collina ITS1 (partial), 5.8S rDNA gene and ITS2 (partial)	True
otuPS96	Ilex corallina	694221	185500	KF255680.1	2020/07/30	True	new	-	Ilex corallina isolate DQ_19 internal transcribed spacer 1, partial sequence; 5.8S ribosomal RNA gene, complete sequence; and internal transcribed spacer 2, partial sequence	True
otuPS97	Ilex chinensis	76784	1043419	KF255676.1	2020/07/30	True	identical and/or subsequence of otuPS193, not added	-	Ilex chinensis isolate DQ_14 internal transcribed spacer 1, partial sequence; 5.8S ribosomal RNA gene, complete sequence; and internal transcribed spacer 2, partial sequence	False
otuPS98	Ilex opaca var. opaca	5264381	1391459	KF155347.1	2020/07/30	True	new	-	Ilex opaca var. opaca voucher FLAS:I.Kadis 1597 internal transcribed spacer 1, partial sequence; 5.8S ribosomal RNA gene, complete sequence; and internal transcribed spacer 2, partial sequence	True
otuPS99	Ilex opaca	660052	101729	FJ394704.1	2020/07/30	True	new	-	Ilex opaca voucher S. Andrews SA1483 internal transcribed spacer 1, partial sequence; 5.8S ribosomal RNA gene, complete sequence; and internal transcribed spacer 2, partial sequence	True
otuPS100	Ilex cumulicola	694215	185502	FJ394673.1	2020/07/30	True	new	-	Ilex cumulicola voucher S. Andrews SA1537 internal transcribed spacer 1, partial sequence; 5.8S ribosomal RNA gene, complete sequence; and internal transcribed spacer 2, partial sequence	True
otuPS101	Ilex rubra	589426	185548	FJ394711.1	2020/07/30	True	new	-	Ilex rubra voucher S. Andrews SA1496 internal transcribed spacer 1, partial sequence; 5.8S ribosomal RNA gene, complete sequence; and internal transcribed spacer 2, partial sequence	True
otuPS102	Ilex dugesii	864740	185508	FJ394679.1	2020/07/30	True	new	-	Ilex dugesii voucher S. Andrews SA1497 internal transcribed spacer 1, partial sequence; 5.8S ribosomal RNA gene, complete sequence; and internal transcribed spacer 2, partial sequence	True
otuPS103	Ilex cassine	468907	146503	KF155344.1	2020/07/30	True	new	-	Ilex cassine voucher FLAS:C.Germain-Aubrey 51 internal transcribed spacer 1, partial sequence; 5.8S ribosomal RNA gene, complete sequence; and internal transcribed spacer 2, partial sequence	True
otuPS104	Ilex cassine	468907	146503	FJ394664.1	2020/07/30	True	new	-	Ilex cassine voucher P.-A. Loizeau sn. internal transcribed spacer 1, partial sequence; 5.8S ribosomal RNA gene, complete sequence; and internal transcribed spacer 2, partial sequence	True
otuPS105	Ilex x attenuata	3885603	185485	FJ394723.1	2020/07/30	True	new	-	Ilex x attenuata voucher S. Andrews SA1515 internal transcribed spacer 1, partial sequence; 5.8S ribosomal RNA gene, complete sequence; and internal transcribed spacer 2, partial sequence	True
otuPS106	Ilex argentina	302247	185491	AJ492655.1	2020/07/30	True	new	-	Ilex argentina ITS1 (partial), 5.8S rDNA gene and ITS2 (partial)	True
otuPS107	Ilex mitis	676179	53207	AJ275338.1	2020/07/30	True	new	-	Ilex mitis chloroplast 5.8S rRNA gene, internal transcribed spacer 1 (ITS1) and internal transcribed spacer 2 (ITS2)	True
otuPS108	Ilex ficoidea	311432	504559	KP092550.1	2020/07/30	True	new	-	Ilex ficoidea isolate SCBGP370_2 internal transcribed spacer 1, partial sequence; 5.8S ribosomal RNA gene, complete sequence; and internal transcribed spacer 2, partial sequence	True
otuPS109	Ilex longecaudata	6055357	2033747	MK034011.1	2020/07/30	True	new	-	Ilex longecaudata isolate Y98 18S small subunit ribosomal RNA gene, partial sequence; internal transcribed spacer 1, 5.8S ribosomal RNA gene, and internal transcribed spacer 2, complete sequence; and 26S large subunit ribosomal RNA gene, partial sequence	True
otuPS110	Ilex glabra	458761	109210	AJ275342.1	2020/07/30	True	new	-	Ilex glabra chloroplast 5.8S rRNA gene, internal transcribed spacer 1 (ITS1) and internal transcribed spacer 2 (ITS2)	True
otuPS111	Ilex glabra	458761	109210	KX352750.1	2020/07/30	True	new	-	Ilex glabra voucher C. Siegel 11 internal transcribed spacer 1, partial sequence; 5.8S ribosomal RNA gene, complete sequence; and internal transcribed spacer 2, partial sequence	True
otuPS112	Ilex liebmannii	745669	185527	AJ492659.1	2020/07/30	True	new	-	Ilex liebmannii ITS1 (partial), 5.8S rDNA gene and ITS2 (partial)	True
otuPS113	Ilex coriacea	694217	185501	FJ394670.1	2020/07/30	True	new	-	Ilex coriacea voucher S. Andrews SA1536 internal transcribed spacer 1, partial sequence; 5.8S ribosomal RNA gene, complete sequence; and internal transcribed spacer 2, partial sequence	True
otuPS114	Ilex canariensis	676173	53200	AJ786501.1	None	True	identical and/or subsequence of otuPS115, not added	-	Ilex canariensis partial ITS1, 5.8S rRNA gene and partial ITS2, isolate 90_2	False
otuPS115	Ilex canariensis	676173	53200	AJ275339.1	2020/07/30	True	seq otuPS115 is supersequence of otuPS114, otuPS115 added and otuPS114 removed 	-	Ilex canariensis chloroplast 5.8S rRNA gene, internal transcribed spacer 1 (ITS1) and internal transcribed spacer 2 (ITS2)	True
otuPS116	Ilex canariensis	676173	53200	AJ786439.1	None	True	removed in sampling down to 5 per spp.	-	Ilex canariensis partial ITS1, 5.8S rRNA gene and partial ITS2, isolate 23_1	False
otuPS117	Ilex canariensis	676173	53200	AJ786432.1	None	True	removed in sampling down to 5 per spp.	-	Ilex canariensis partial ITS1, 5.8S rRNA gene and partial ITS2, isolate 20_3	False
otuPS118	Ilex canariensis	676173	53200	AJ786428.1	2020/07/30	True	new	-	Ilex canariensis partial ITS1, 5.8S rRNA gene and partial ITS2, isolate 17	True
otuPS119	Ilex canariensis	676173	53200	AJ786427.1	None	True	removed in sampling down to 5 per spp.	-	Ilex canariensis partial ITS1, 5.8S rRNA gene and partial ITS2, isolate 16	False
otuPS120	Ilex canariensis	676173	53200	AJ786429.1	2020/07/31	True	new	-	Ilex canariensis partial ITS1, 5.8S rRNA gene and partial ITS2, isolate 19	True
otuPS121	Ilex canariensis	676173	53200	AJ786504.1	None	True	removed in sampling down to 5 per spp.	-	Ilex canariensis partial ITS1, 5.8S rRNA gene and partial ITS2, isolate 90_9	False
otuPS122	Ilex canariensis	676173	53200	AJ786426.1	None	True	removed in sampling down to 5 per spp.	-	Ilex canariensis partial ITS1, 5.8S rRNA gene and partial ITS2, isolate 15	False
otuPS123	Ilex canariensis	676173	53200	AJ786438.1	2020/07/30	True	new	-	Ilex canariensis partial ITS1, 5.8S rRNA gene and partial ITS2, isolate 22_4	True
otuPS124	Ilex brasiliensis	432622	53198	AJ786506.1	2020/07/30	True	new	-	Ilex brasiliensis partial ITS1, 5.8S rRNA gene and partial ITS2, isolate 102	True
otuPS125	Ilex theizans	68451	185555	AY183498.1	2020/07/30	True	new	-	Ilex theezans internal transcribed spacer 1, partial sequence; 5.8S ribosomal RNA gene, complete sequence; and internal transcribed spacer 2, partial sequence	True
otuPS126	Ilex brasiliensis	432622	53198	AY183490.1	2020/07/30	True	new	-	Ilex brasiliensis internal transcribed spacer 1, partial sequence; 5.8S ribosomal RNA gene, complete sequence; and internal transcribed spacer 2, partial sequence	True
otuPS127	Ilex argentina	302247	185491	AY183482.1	None	True	removed in sampling down to 5 per spp.	-	Ilex argentina internal transcribed spacer 1, partial sequence; 5.8S ribosomal RNA gene, complete sequence; and internal transcribed spacer 2, partial sequence	False
otuPS128	Ilex argentina	302247	185491	FJ394659.1	2020/07/31	True	new	-	Ilex argentina voucher G. Giberti 507 internal transcribed spacer 1, partial sequence; 5.8S ribosomal RNA gene, complete sequence; and internal transcribed spacer 2, partial sequence	True
otuPS129	Ilex argentina	302247	185491	AY183483.1	2020/07/30	True	new	-	Ilex argentina internal transcribed spacer 1, partial sequence; 5.8S ribosomal RNA gene, complete sequence; and internal transcribed spacer 2, partial sequence	True
otuPS130	Ilex brevicuspis	432620	53199	AY183496.1	2020/07/30	True	new	-	Ilex brevicuspis internal transcribed spacer 1, partial sequence; 5.8S ribosomal RNA gene, complete sequence; and internal transcribed spacer 2, partial sequence	True
otuPS131	Ilex theizans	68451	185555	AJ492666.1	2020/07/31	True	new	-	Ilex theezans ITS1 (partial), 5.8S rDNA gene and ITS2 (partial)	True
otuPS132	Ilex brevicuspis	432620	53199	AJ492662.1	2020/07/30	True	new	-	Ilex brevicuspis ITS1 (partial), 5.8S rDNA gene and ITS2 (partial), isolate 2	True
otuPS133	Ilex cassine	468907	146503	AJ492667.1	2020/07/30	True	new	-	Ilex cassine ITS1 (partial), 5.8S rDNA gene and ITS2 (partial)	True
otuPS134	Ilex asperula	302253	185492	FJ394661.1	2020/07/30	True	new	-	Ilex asperula voucher J.N. Nakayima 1350 internal transcribed spacer 1, partial sequence; 5.8S ribosomal RNA gene, complete sequence; and internal transcribed spacer 2, partial sequence	True
otuPS135	Ilex pseudobuxus	1015266	53210	AY183486.1	2020/07/30	True	new	-	Ilex pseudobuxus internal transcribed spacer 1, partial sequence; 5.8S ribosomal RNA gene, complete sequence; and internal transcribed spacer 2, partial sequence<>Ilex pseudobuxus voucher G. Giberti BACP113 internal transcribed spacer 1, partial sequence; 5.8S ribosomal RNA gene, complete sequence; and internal transcribed spacer 2, partial sequence	True
otuPS136	Ilex anomala	432613	53197	AJ786505.1	2020/07/30	True	new	-	Ilex anomala partial ITS1, 5.8S rRNA gene and partial ITS2, isolate 101	True
otuPS137	Ilex pseudobuxus	1015266	53210	MG708073.1	2020/07/30	True	new	-	Ilex pseudobuxus isolate PEIC052 internal transcribed spacer 1, partial sequence; 5.8S ribosomal RNA gene, complete sequence; and internal transcribed spacer 2, partial sequence	True
otuPS138	Ilex microdonta	222016	185533	AJ492665.1	2020/07/30	True	new	-	Ilex microdonta ITS1 (partial), 5.8S rDNA gene and ITS2 (partial)	True
otuPS139	Ilex microdonta	222016	185533	AY183485.1	2020/07/30	True	new	-	Ilex microdonta internal transcribed spacer 1, partial sequence; 5.8S ribosomal RNA gene, complete sequence; and internal transcribed spacer 2, partial sequence	True
otuPS140	Ilex microdonta	222016	185533	AY183484.1	2020/07/30	True	new	-	Ilex microdonta internal transcribed spacer 1, partial sequence; 5.8S ribosomal RNA gene, complete sequence; and internal transcribed spacer 2, partial sequence	True
otuPS141	Ilex integerrima	171374	185519	AJ786508.1	2020/07/30	True	new	-	Ilex integerrima partial ITS1, 5.8S rRNA gene and partial ITS2, isolate 106	True
otuPS142	Ilex theizans	68451	185555	FJ394716.1	2020/07/30	True	new	-	Ilex theezans voucher G. Hatschbach 61.225 internal transcribed spacer 1, partial sequence; 5.8S ribosomal RNA gene, complete sequence; and internal transcribed spacer 2, partial sequence	True
otuPS143	Ilex integerrima	171374	185519	AY183478.1	2020/07/30	True	new	-	Ilex integerrima internal transcribed spacer 1, partial sequence; 5.8S ribosomal RNA gene, complete sequence; and internal transcribed spacer 2, partial sequence	True
otuPS144	Ilex integerrima	171374	185519	AY183477.1	2020/07/30	True	new	-	Ilex integerrima internal transcribed spacer 1, partial sequence; 5.8S ribosomal RNA gene, complete sequence; and internal transcribed spacer 2, partial sequence	True
otuPS145	Nemopanthus mucronatus	601098	4302	AJ275336.1	None	True	Not within requested MRCA ncbi:4295	-	Nemopanthus mucronatus chloroplast 5.8S rRNA gene, internal transcribed spacer 1 (ITS1) and internal transcribed spacer 2 (ITS2)	False
otuPS146	Ilex amelanchier	432615	53196	AJ275340.1	2020/07/30	True	new	-	Ilex amelanchier chloroplast 5.8S rRNA gene, internal transcribed spacer 1 (ITS1) and internal transcribed spacer 2 (ITS2)	True
otuPS147	Ilex brevicuspis	432620	53199	AY183494.1	2020/07/30	True	new	-	Ilex brevicuspis internal transcribed spacer 1, partial sequence; 5.8S ribosomal RNA gene, complete sequence; and internal transcribed spacer 2, partial sequence	True
otuPS148	Ilex taubertiana	967825	224368	AY183487.1	2020/07/30	True	new	-	Ilex taubertiana internal transcribed spacer 1, partial sequence; 5.8S ribosomal RNA gene, complete sequence; and internal transcribed spacer 2, partial sequence	True
otuPS149	Ilex brevicuspis	432620	53199	AJ786507.1	2020/07/30	True	new	-	Ilex brevicuspis partial ITS1, 5.8S rRNA gene and partial ITS2, isolate 105	True
otuPS150	Ilex theizans	68451	185555	KF420998.1	None	True	removed in sampling down to 5 per spp.	-	Ilex theezans voucher Blum 11-044 internal transcribed spacer 1, partial sequence; 5.8S ribosomal RNA gene, complete sequence; and internal transcribed spacer 2, partial sequence	False
otuPS151	Ilex anomala	432613	53197	AJ492652.1	2020/07/30	True	new	-	Ilex anomala ITS1 (partial), 5.8S rDNA gene and ITS2 (partial)	True
otuPS152	Ilex hylonoma	171372	185518	FJ394688.1	2020/07/30	True	new	-	Ilex hylonoma voucher Zhong Shu Hua sn. internal transcribed spacer 1, partial sequence; 5.8S ribosomal RNA gene, complete sequence; and internal transcribed spacer 2, partial sequence	True
otuPS153	Ilex corallina	694221	185500	FJ394669.1	2020/07/30	True	new	-	Ilex corallina voucher S. Andrews SA1517 internal transcribed spacer 1, partial sequence; 5.8S ribosomal RNA gene, complete sequence; and internal transcribed spacer 2, partial sequence	True
otuPS154	Ilex leucoclada	745671	185526	AJ492690.1	2020/07/30	True	new	-	Ilex leucoclada ITS1 (partial), 5.8S rDNA gene and ITS2 (partial)	True
otuPS155	Ilex mertensii	796109	58301	AH007155.2	2020/07/30	True	new	-	Ilex mertensii 18S ribosomal RNA gene, partial sequence; internal transcribed spacer 1, complete sequence; 5.8S ribosomal RNA gene, partial sequence; internal transcribed spacer 2, complete sequence; and 26S ribosomal RNA gene, partial sequence	True
otuPS156	Ilex beecheyi	796111	58300	AH007154.2	2020/07/30	True	new	-	Ilex beecheyi 18S ribosomal RNA gene, partial sequence; internal transcribed spacer 1, complete sequence; 5.8S ribosomal RNA gene, partial sequence; internal transcribed spacer 2, complete sequence; and 26S ribosomal RNA gene, partial sequence	True
otuPS157	Ilex integra	751453	53204	AH007148.2	None	True	removed in sampling down to 5 per spp.	-	Ilex integra 18S ribosomal RNA gene, partial sequence; internal transcribed spacer 1, complete sequence; 5.8S ribosomal RNA gene, partial sequence; internal transcribed spacer 2, complete sequence; and 26S ribosomal RNA gene, partial sequence	False
otuPS158	Ilex integra	751453	53204	KY682252.1	2020/07/31	True	seq otuPS158 is supersequence of otuPS10, otuPS158 added and otuPS10 removed 	-	Ilex integra isolate IIM 18S ribosomal RNA gene, partial sequence; internal transcribed spacer 1, 5.8S ribosomal RNA gene, and internal transcribed spacer 2, complete sequence; and 28S ribosomal RNA gene, partial sequence	True
otuPS159	Ilex integra	751453	53204	KY682251.1	None	True	identical and/or subsequence of otuPS158, not added	-	Ilex integra isolate IIF 18S ribosomal RNA gene, partial sequence; internal transcribed spacer 1, 5.8S ribosomal RNA gene, and internal transcribed spacer 2, complete sequence; and 28S ribosomal RNA gene, partial sequence	False
otuPS160	Ilex x kiusiana	5144136	58298	AH007152.2	2020/07/30	True	new	-	Ilex x kiusiana 18S ribosomal RNA gene, partial sequence; internal transcribed spacer 1, complete sequence; 5.8S ribosomal RNA gene, partial sequence; internal transcribed spacer 2, complete sequence; and 26S ribosomal RNA gene, partial sequence	True
otuPS161	Ilex latifolia	676217	53205	DQ200798.1	2020/07/30	True	new	-	Ilex latifolia internal transcribed spacer 1, partial sequence; 5.8S ribosomal RNA gene, complete sequence; and internal transcribed spacer 2, partial sequence	True
otuPS162	Ilex x wandoensis	5144138	525220	KY682235.1	None	True	removed in sampling down to 5 per spp.	-	Ilex x wandoensis isolate IWM_CL10 18S ribosomal RNA gene, partial sequence; internal transcribed spacer 1, 5.8S ribosomal RNA gene, and internal transcribed spacer 2, complete sequence; and 28S ribosomal RNA gene, partial sequence	False
otuPS163	Ilex cornuta	468915	146505	MH566938.1	2020/07/31	True	new	-	Ilex cornuta isolate Kit voucher 1939 internal transcribed spacer 1, partial sequence; 5.8S ribosomal RNA gene and internal transcribed spacer 2, complete sequence; and large subunit ribosomal RNA gene, partial sequence	True
otuPS164	Ilex cornuta	468915	146505	MH566937.1	None	True	removed in sampling down to 5 per spp.	-	Ilex cornuta isolate Kit voucher 1938 small subunit ribosomal RNA gene, partial sequence; internal transcribed spacer 1, 5.8S ribosomal RNA gene, and internal transcribed spacer 2, complete sequence; and large subunit ribosomal RNA gene, partial sequence	False
otuPS165	Ilex x wandoensis	5144138	525220	MK240421.1	None	True	removed in sampling down to 5 per spp.	-	Ilex x wandoensis clone isolate WA2-4 small subunit ribosomal RNA gene, partial sequence; internal transcribed spacer 1, 5.8S ribosomal RNA gene, and internal transcribed spacer 2, complete sequence; and large subunit ribosomal RNA gene, partial sequence	False
otuPS166	Ilex x wandoensis	5144138	525220	MK240419.1	None	True	deleted, otuPS176 is supersequence 	-	Ilex x wandoensis clone isolate WA2-2 small subunit ribosomal RNA gene, partial sequence; internal transcribed spacer 1, 5.8S ribosomal RNA gene, and internal transcribed spacer 2, complete sequence; and large subunit ribosomal RNA gene, partial sequence	False
otuPS167	Ilex x wandoensis	5144138	525220	MK240418.1	None	True	removed in sampling down to 5 per spp.	-	Ilex x wandoensis clone isolate WA2-1 small subunit ribosomal RNA gene, partial sequence; internal transcribed spacer 1, 5.8S ribosomal RNA gene, and internal transcribed spacer 2, complete sequence; and large subunit ribosomal RNA gene, partial sequence	False
otuPS168	Ilex x wandoensis	5144138	525220	MK240413.1	None	True	removed in sampling down to 5 per spp.	-	Ilex x wandoensis clone isolate BM6-4 small subunit ribosomal RNA gene, partial sequence; internal transcribed spacer 1, 5.8S ribosomal RNA gene, and internal transcribed spacer 2, complete sequence; and large subunit ribosomal RNA gene, partial sequence	False
otuPS169	Ilex x wandoensis	5144138	525220	MK240408.1	None	True	removed in sampling down to 5 per spp.	-	Ilex x wandoensis clone isolate BM5-3 small subunit ribosomal RNA gene, partial sequence; internal transcribed spacer 1, 5.8S ribosomal RNA gene, and internal transcribed spacer 2, complete sequence; and large subunit ribosomal RNA gene, partial sequence	False
otuPS170	Ilex hirsuta	5232388	1398196	KF113864.1	2020/07/30	True	seq otuPS170 is supersequence of otuPS27, otuPS170 added and otuPS27 removed 	-	Ilex hirsuta internal transcribed spacer 1, partial sequence; 5.8S ribosomal RNA gene and internal transcribed spacer 2, complete sequence; and 28S ribosomal RNA gene, partial sequence	True
otuPS171	Ilex nanchuanensis	5232391	1398199	KF113875.1	2020/07/30	True	new	-	Ilex nanchuanensis 18S ribosomal RNA gene, partial sequence; internal transcribed spacer 1 and 5.8S ribosomal RNA gene, complete sequence; and internal transcribed spacer 2, partial sequence	True
otuPS172	Ilex dimorphophylla	89483	58296	AH007149.2	2020/07/30	True	new	-	Ilex dimorphophylla 18S ribosomal RNA gene, partial sequence; internal transcribed spacer 1, complete sequence; 5.8S ribosomal RNA gene, partial sequence; internal transcribed spacer 2, complete sequence; and 26S ribosomal RNA gene, partial sequence	True
otuPS173	Ilex x wandoensis	5144138	525220	MK240392.1	None	True	removed in sampling down to 5 per spp.	-	Ilex x wandoensis clone isolate BM1-2 small subunit ribosomal RNA gene, partial sequence; internal transcribed spacer 1, 5.8S ribosomal RNA gene, and internal transcribed spacer 2, complete sequence; and large subunit ribosomal RNA gene, partial sequence	False
otuPS174	Ilex cornuta	468915	146505	KY682254.1	None	True	removed in sampling down to 5 per spp.	-	Ilex cornuta isolate ICM 18S ribosomal RNA gene, partial sequence; internal transcribed spacer 1, 5.8S ribosomal RNA gene, and internal transcribed spacer 2, complete sequence; and 28S ribosomal RNA gene, partial sequence	False
otuPS175	Ilex cornuta	468915	146505	KY682253.1	None	True	identical and/or subsequence of otuPS174, not added	-	Ilex cornuta isolate ICF 18S ribosomal RNA gene, partial sequence; internal transcribed spacer 1, 5.8S ribosomal RNA gene, and internal transcribed spacer 2, complete sequence; and 28S ribosomal RNA gene, partial sequence	False
otuPS176	Ilex x wandoensis	5144138	525220	KY682234.1	None	True	removed in sampling down to 5 per spp.	-	Ilex x wandoensis isolate IWM_CL09 18S ribosomal RNA gene, partial sequence; internal transcribed spacer 1, 5.8S ribosomal RNA gene, and internal transcribed spacer 2, complete sequence; and 28S ribosomal RNA gene, partial sequence	False
otuPS177	Ilex rotunda	1015268	53211	KY682256.1	None	True	removed in sampling down to 5 per spp.	-	Ilex rotunda isolate IRM 18S ribosomal RNA gene, partial sequence; internal transcribed spacer 1, 5.8S ribosomal RNA gene, and internal transcribed spacer 2, complete sequence; and 28S ribosomal RNA gene, partial sequence	False
otuPS178	Ilex rotunda	1015268	53211	KY682255.1	None	True	removed in sampling down to 5 per spp.	-	Ilex rotunda isolate IRF 18S ribosomal RNA gene, partial sequence; internal transcribed spacer 1, 5.8S ribosomal RNA gene, and internal transcribed spacer 2, complete sequence; and 28S ribosomal RNA gene, partial sequence	False
otuPS179	Ilex x wandoensis	5144138	525220	MK240402.1	None	True	removed in sampling down to 5 per spp.	-	Ilex x wandoensis clone isolate BM4-1 small subunit ribosomal RNA gene, partial sequence; internal transcribed spacer 1, 5.8S ribosomal RNA gene, and internal transcribed spacer 2, complete sequence; and large subunit ribosomal RNA gene, partial sequence	False
otuPS180	Ilex polyneura	172482	1043422	KY417937.1	2020/07/30	True	new	-	Ilex polyneura isolate JL-I17 small subunit ribosomal RNA gene, partial sequence; internal transcribed spacer 1, 5.8S ribosomal RNA gene, and internal transcribed spacer 2, complete sequence; and large subunit ribosomal RNA gene, partial sequence	True
otuPS181	Ilex venulosa	6055549	2082849	KY417939.1	2020/07/30	True	new	-	Ilex venulosa isolate JL-I15 small subunit ribosomal RNA gene, partial sequence; internal transcribed spacer 1, 5.8S ribosomal RNA gene, and internal transcribed spacer 2, complete sequence; and large subunit ribosomal RNA gene, partial sequence	True
otuPS182	Ilex venulosa	6055549	2082849	MH266110.1	2020/07/31	True	new	-	Ilex venulosa voucher NEHU:12080-22 small subunit ribosomal RNA gene, partial sequence; internal transcribed spacer 1, 5.8S ribosomal RNA gene, and internal transcribed spacer 2, complete sequence; and large subunit ribosomal RNA gene, partial sequence	True
otuPS183	Ilex venulosa	6055549	2082849	MH266109.1	None	True	removed in sampling down to 5 per spp.	-	Ilex venulosa voucher NEHU:12080-21 internal transcribed spacer 1, partial sequence; 5.8S ribosomal RNA gene and internal transcribed spacer 2, complete sequence; and large subunit ribosomal RNA gene, partial sequence	False
otuPS184	Ilex crenata	671004	4296	AH007144.2	2020/07/30	True	new	-	Ilex crenata 18S ribosomal RNA gene, partial sequence; internal transcribed spacer 1, complete sequence; 5.8S ribosomal RNA gene, partial sequence; internal transcribed spacer 2, complete sequence; and 26S ribosomal RNA gene, partial sequence	True
otuPS185	Ilex triflora	68456	185557	KY417931.1	2020/07/30	True	new	-	Ilex triflora isolate JL-I23 small subunit ribosomal RNA gene, partial sequence; internal transcribed spacer 1, 5.8S ribosomal RNA gene, and internal transcribed spacer 2, complete sequence; and large subunit ribosomal RNA gene, partial sequence	True
otuPS186	Ilex pubescens	589428	185543	KF113869.1	2020/07/30	True	seq otuPS186 is supersequence of otuPS88, otuPS186 added and otuPS88 removed 	-	Ilex pubescens 18S ribosomal RNA gene, partial sequence; internal transcribed spacer 1, 5.8S ribosomal RNA gene, and internal transcribed spacer 2, complete sequence; and 28S ribosomal RNA gene, partial sequence	True
otuPS187	Ilex venulosa	6055549	2082849	MH266108.1	2020/07/30	True	new	-	Ilex venulosa voucher NEHU:12080-20 internal transcribed spacer 1, partial sequence; 5.8S ribosomal RNA gene and internal transcribed spacer 2, complete sequence; and large subunit ribosomal RNA gene, partial sequence	True
otuPS188	Ilex venulosa	6055549	2082849	MH266107.1	2020/07/31	True	new	-	Ilex venulosa voucher NEHU:12080-19 internal transcribed spacer 1, partial sequence; 5.8S ribosomal RNA gene and internal transcribed spacer 2, complete sequence; and large subunit ribosomal RNA gene, partial sequence	True
otuPS189	Ilex venulosa	6055549	2082849	MH266100.1	None	True	removed in sampling down to 5 per spp.	-	Ilex venulosa voucher NEHU:12080-6 internal transcribed spacer 1, partial sequence; 5.8S ribosomal RNA gene and internal transcribed spacer 2, complete sequence; and large subunit ribosomal RNA gene, partial sequence	False
otuPS190	Ilex glabra	458761	109210	KX352749.1	2020/07/30	True	new	-	Ilex glabra voucher C. Siegel 11 small subunit ribosomal RNA gene, partial sequence; internal transcribed spacer 1, 5.8S ribosomal RNA gene, and internal transcribed spacer 2, complete sequence; and large subunit ribosomal RNA gene, partial sequence	True
otuPS191	Ilex brasiliensis	432622	53198	MG708035.1	2020/07/30	True	new	-	Ilex brasiliensis isolate PEEA049 small subunit ribosomal RNA gene, partial sequence; internal transcribed spacer 1, 5.8S ribosomal RNA gene, and internal transcribed spacer 2, complete sequence; and large subunit ribosomal RNA gene, partial sequence	True
otuPS192	Ilex corallina	694221	185500	KF113876.1	2020/07/30	True	new	-	Ilex corallina 18S ribosomal RNA gene, partial sequence; internal transcribed spacer 1 and 5.8S ribosomal RNA gene, complete sequence; and internal transcribed spacer 2, partial sequence	True
otuPS193	Ilex chinensis	76784	1043419	KF113873.1	2020/07/30	True	seq otuPS193 is supersequence of otuPS97, otuPS193 added and otuPS97 removed 	-	Ilex chinensis 18S ribosomal RNA gene, partial sequence; internal transcribed spacer 1, 5.8S ribosomal RNA gene, and internal transcribed spacer 2, complete sequence; and 28S ribosomal RNA gene, partial sequence	True
otuPS194	Ilex x wandoensis	5144138	525220	AB607215.1	None	True	removed in sampling down to 5 per spp.	-	Ilex x wandoensis genes for ITS1, 5.8S rRNA, ITS2, partial and complete sequence, isolate: male 1	False
otuPS195	Ilex revoluta	589440	185547	AJ492676.1	2020/07/30	True	new	-	Ilex revoluta ITS1 (partial), 5.8S rDNA gene and ITS2 (partial)	True
otuPS196	Ilex viridis	641711	185560	KP092560.1	2020/07/30	True	new	-	Ilex viridis isolate SCBGP407_1 internal transcribed spacer 1, partial sequence; 5.8S ribosomal RNA gene, complete sequence; and internal transcribed spacer 2, partial sequence	True
otuPS197	Ilex teratopis	68449	185554	AJ492649.1	2020/07/30	True	new	-	Ilex teratopis ITS1 (partial), 5.8S rDNA gene and ITS2 (partial)	True
otuPS198	Ilex hippocrateoides	171388	185516	AJ492658.1	2020/07/30	True	new	-	Ilex hippocrateoides ITS1 (partial), 5.8S rDNA gene and ITS2 (partial)	True
otuPS199	Ilex dumosa var. dumosa	967819	224367	AY183481.1	2020/07/30	True	new	-	Ilex dumosa var. dumosa internal transcribed spacer 1, partial sequence; 5.8S ribosomal RNA gene, complete sequence; and internal transcribed spacer 2, partial sequence	True
otuPS200	Ilex rotunda	1015268	53211	EU647662.1	None	True	removed in sampling down to 5 per spp.	-	Ilex rotunda isolate 2 internal transcribed spacer 1, partial sequence; 5.8S ribosomal RNA gene, complete sequence; and internal transcribed spacer 2, partial sequence	False
otuPS201	Ilex canariensis	676173	53200	AJ786434.1	None	True	removed in sampling down to 5 per spp.	-	Ilex canariensis partial ITS1, 5.8S rRNA gene and partial ITS2, isolate 21	False
otuPS202	Ilex canariensis	676173	53200	AJ786435.1	None	True	removed in sampling down to 5 per spp.	-	Ilex canariensis partial ITS1, 5.8S rRNA gene and partial ITS2, isolate 22_1	False
otuPS203	Ilex quercetorum	976809	504111	FJ394709.1	2020/07/31	True	new	-	Ilex quercetorum voucher S. Andrews SA1531 internal transcribed spacer 1, partial sequence; 5.8S ribosomal RNA gene, complete sequence; and internal transcribed spacer 2, partial sequence	True
otuPS204	Ilex lohfauensis	5746256	1603727	KY417938.1	2020/07/31	True	new	-	Ilex lohfauensis isolate JL-I16 small subunit ribosomal RNA gene, partial sequence; internal transcribed spacer 1, 5.8S ribosomal RNA gene, and internal transcribed spacer 2, complete sequence; and large subunit ribosomal RNA gene, partial sequence	True
otuPS205	Ilex aquifolium	670988	4298	FJ394658.1	2020/07/30	True	new	-	Ilex aquifolium voucher S. Andrews SA1487 internal transcribed spacer 1, partial sequence; 5.8S ribosomal RNA gene, complete sequence; and internal transcribed spacer 2, partial sequence	True
otuPS206	Ilex perado	751458	53209	AJ786419.1	2020/07/30	True	new	-	Ilex perado partial ITS1, 5.8S rRNA gene and partial ITS2, isolate 7	True
otuPS207	Ilex perado	751458	53209	AJ786418.1	None	True	identical and/or subsequence of otuPS208, not added	-	Ilex perado partial ITS1, 5.8S rRNA gene and partial ITS2, isolate 6<>Ilex perado partial ITS1, 5.8S rRNA gene and partial ITS2, isolate 8<>Ilex perado partial ITS1, 5.8S rRNA gene and partial ITS2, isolate 9<>Ilex perado partial ITS1, 5.8S rRNA gene and partial ITS2, isolate 10<>Ilex perado partial ITS1, 5.8S rRNA gene and partial ITS2, isolate 11<>Ilex perado partial ITS1, 5.8S rRNA gene and partial ITS2, isolate 14	False
otuPS208	Ilex perado	751458	53209	AJ786413.1	2020/07/30	True	seq otuPS208 is supersequence of otuPS207, otuPS208 added and otuPS207 removed 	-	Ilex perado partial ITS1, 5.8S rRNA gene and partial ITS2, isolate 1<>Ilex perado partial ITS1, 5.8S rRNA gene and partial ITS2, isolate 2<>Ilex perado partial ITS1, 5.8S rRNA gene and partial ITS2, isolate 3<>Ilex perado partial ITS1, 5.8S rRNA gene and partial ITS2, isolate 5<>Ilex perado partial ITS1, 5.8S rRNA gene and partial ITS2, isolate 12	True
otuPS209	Ilex fargesii	694226	185509	FJ394681.1	2020/07/30	True	new	-	Ilex fargesii voucher S. Andrews SA1495 internal transcribed spacer 1, partial sequence; 5.8S ribosomal RNA gene, complete sequence; and internal transcribed spacer 2, partial sequence	True
otuPS210	Ilex lihuaensis	5232390	1398198	KF255674.1	2020/07/30	True	new	-	Ilex lihuaensis isolate DQ_11 internal transcribed spacer 1, partial sequence; 5.8S ribosomal RNA gene, complete sequence; and internal transcribed spacer 2, partial sequence	True
otuPS211	Ilex opaca var. opaca	5264381	1391459	KF155345.1	None	True	identical and/or subsequence of otuPS98, not added	-	Ilex opaca var. opaca voucher FLAS:I.Kadis 1598 internal transcribed spacer 1, partial sequence; 5.8S ribosomal RNA gene, complete sequence; and internal transcribed spacer 2, partial sequence<>Ilex opaca var. opaca voucher FLAS:H.Alexander s.n. internal transcribed spacer 1, partial sequence; 5.8S ribosomal RNA gene, complete sequence; and internal transcribed spacer 2, partial sequence	False
otuPS212	Ilex opaca var. arenicola	5264380	1391458	KF155348.1	2020/07/30	True	new	-	Ilex opaca var. arenicola voucher FLAS:C.Germain-Aubrey 53 internal transcribed spacer 1, partial sequence; 5.8S ribosomal RNA gene, complete sequence; and internal transcribed spacer 2, partial sequence	True
otuPS213	Ilex cornuta	468915	146505	AB607209.1	2020/07/31	True	new	-	Ilex cornuta genes for ITS1, 5.8S rRNA, ITS2, partial and complete sequence, isolate: male 1<>Ilex cornuta genes for ITS1, 5.8S rRNA, ITS2, partial and complete sequence, isolate: male 2	True
otuPS214	Ilex perado	751458	53209	AJ786416.1	2020/07/30	True	new	-	Ilex perado partial ITS1, 5.8S rRNA gene and partial ITS2, isolate 4	True
otuPS215	Ilex fargesii	694226	185509	FJ394680.1	2020/07/30	True	new	-	Ilex fargesii voucher S. Andrews SA1453 internal transcribed spacer 1, partial sequence; 5.8S ribosomal RNA gene, complete sequence; and internal transcribed spacer 2, partial sequence	True
otuPS216	Ilex x wandoensis	5144138	525220	MK240397.1	None	True	removed in sampling down to 5 per spp.	-	Ilex x wandoensis clone isolate BM2-4 small subunit ribosomal RNA gene, partial sequence; internal transcribed spacer 1, 5.8S ribosomal RNA gene, and internal transcribed spacer 2, complete sequence; and large subunit ribosomal RNA gene, partial sequence	False
otuPS217	Ilex x wandoensis	5144138	525220	MK240404.1	None	True	removed in sampling down to 5 per spp.	-	Ilex x wandoensis clone isolate BM4-3 small subunit ribosomal RNA gene, partial sequence; internal transcribed spacer 1, 5.8S ribosomal RNA gene, and internal transcribed spacer 2, complete sequence; and large subunit ribosomal RNA gene, partial sequence	False
otuPS218	Ilex x wandoensis	5144138	525220	MK240405.1	None	True	removed in sampling down to 5 per spp.	-	Ilex x wandoensis clone isolate BM4-4 small subunit ribosomal RNA gene, partial sequence; internal transcribed spacer 1, 5.8S ribosomal RNA gene, and internal transcribed spacer 2, complete sequence; and large subunit ribosomal RNA gene, partial sequence	False
otuPS219	Ilex x wandoensis	5144138	525220	AB607213.1	None	True	removed in sampling down to 5 per spp.	-	Ilex x wandoensis genes for ITS1, 5.8S rRNA, ITS2, partial and complete sequence, isolate: female 1	False
otuPS220	Ilex x wandoensis	5144138	525220	KY682240.1	None	True	removed in sampling down to 5 per spp.	-	Ilex x wandoensis isolate IWM_CL11 18S ribosomal RNA gene, partial sequence; internal transcribed spacer 1, 5.8S ribosomal RNA gene, and internal transcribed spacer 2, complete sequence; and 28S ribosomal RNA gene, partial sequence	False
otuPS221	Ilex x wandoensis	5144138	525220	KY682239.1	None	True	removed in sampling down to 5 per spp.	-	Ilex x wandoensis isolate IWM_CL22 18S ribosomal RNA gene, partial sequence; internal transcribed spacer 1, 5.8S ribosomal RNA gene, and internal transcribed spacer 2, complete sequence; and 28S ribosomal RNA gene, partial sequence	False
otuPS222	Ilex x wandoensis	5144138	525220	KY682211.1	None	True	removed in sampling down to 5 per spp.	-	Ilex x wandoensis isolate IWF_CL01 18S ribosomal RNA gene, partial sequence; internal transcribed spacer 1, 5.8S ribosomal RNA gene, and internal transcribed spacer 2, complete sequence; and 28S ribosomal RNA gene, partial sequence	False
otuPS223	Ilex cornuta	468915	146505	KX670797.1	2020/07/30	True	new	-	Ilex cornuta isolate TKM201588 18S ribosomal RNA gene, internal transcribed spacer 1, 5.8S ribosomal RNA gene, internal transcribed spacer 2, and 28S ribosomal RNA gene, region	True
otuPS224	Ilex cornuta	468915	146505	AB607207.1	None	True	identical and/or subsequence of otuPS174, not added	-	Ilex cornuta genes for ITS1, 5.8S rRNA, ITS2, partial and complete sequence, isolate: female 1<>Ilex cornuta genes for ITS1, 5.8S rRNA, ITS2, partial and complete sequence, isolate: female 2	False
otuPS225	Ilex x wandoensis	5144138	525220	MK240407.1	None	True	identical and/or subsequence of otuPS169, not added	-	Ilex x wandoensis clone isolate BM5-2 small subunit ribosomal RNA gene, partial sequence; internal transcribed spacer 1, 5.8S ribosomal RNA gene, and internal transcribed spacer 2, complete sequence; and large subunit ribosomal RNA gene, partial sequence	False
otuPS226	Ilex cornuta	468915	146505	FJ394671.1	None	True	identical and/or subsequence of otuPS223, not added	-	Ilex cornuta voucher P. Ferard sn. internal transcribed spacer 1, partial sequence; 5.8S ribosomal RNA gene, complete sequence; and internal transcribed spacer 2, partial sequence<>Ilex cornuta voucher S. Andrews SA1452 internal transcribed spacer 1, partial sequence; 5.8S ribosomal RNA gene, complete sequence; and internal transcribed spacer 2, partial sequence<>Ilex zhejiangensis voucher S. Andrews SA1493 internal transcribed spacer 1, partial sequence; 5.8S ribosomal RNA gene, complete sequence; and internal transcribed spacer 2, partial sequence	False
otuPS227	Ilex integra	751453	53204	FJ394689.1	None	True	removed in sampling down to 5 per spp.	-	Ilex integra voucher P.-A. Loizeau sn. internal transcribed spacer 1, partial sequence; 5.8S ribosomal RNA gene, complete sequence; and internal transcribed spacer 2, partial sequence	False
otuPS228	Ilex x wandoensis	5144138	525220	KY682231.1	None	True	removed in sampling down to 5 per spp.	-	Ilex x wandoensis isolate IWM_CL02 18S ribosomal RNA gene, partial sequence; internal transcribed spacer 1, 5.8S ribosomal RNA gene, and internal transcribed spacer 2, complete sequence; and 28S ribosomal RNA gene, partial sequence	False
otuPS229	Ilex x wandoensis	5144138	525220	KY682221.1	None	True	removed in sampling down to 5 per spp.	-	Ilex x wandoensis isolate IWF_CL08 18S ribosomal RNA gene, partial sequence; internal transcribed spacer 1, 5.8S ribosomal RNA gene, and internal transcribed spacer 2, complete sequence; and 28S ribosomal RNA gene, partial sequence<>Ilex x wandoensis isolate IWF_CL10 18S ribosomal RNA gene, partial sequence; internal transcribed spacer 1, 5.8S ribosomal RNA gene, and internal transcribed spacer 2, complete sequence; and 28S ribosomal RNA gene, partial sequence<>Ilex x wandoensis isolate IWF_CL19 18S ribosomal RNA gene, partial sequence; internal transcribed spacer 1, 5.8S ribosomal RNA gene, and internal transcribed spacer 2, complete sequence; and 28S ribosomal RNA gene, partial sequence<>Ilex x wandoensis isolate IWM_CL03 18S ribosomal RNA gene, partial sequence; internal transcribed spacer 1, 5.8S ribosomal RNA gene, and internal transcribed spacer 2, complete sequence; and 28S ribosomal RNA gene, partial sequence<>Ilex x wandoensis isolate IWM_CL12 18S ribosomal RNA gene, partial sequence; internal transcribed spacer 1, 5.8S ribosomal RNA gene, and internal transcribed spacer 2, complete sequence; and 28S ribosomal RNA gene, partial sequence	False
otuPS230	Ilex latifolia	676217	53205	MK034008.1	2020/07/30	True	new	-	Ilex latifolia isolate Y139 18S small subunit ribosomal RNA gene, partial sequence; internal transcribed spacer 1, 5.8S ribosomal RNA gene, and internal transcribed spacer 2, complete sequence; and 26S large subunit ribosomal RNA gene, partial sequence	True
otuPS231	Ilex latifolia	676217	53205	KY417933.1	2020/07/30	True	new	-	Ilex latifolia isolate JL-I25 small subunit ribosomal RNA gene, partial sequence; internal transcribed spacer 1, 5.8S ribosomal RNA gene, and internal transcribed spacer 2, complete sequence; and large subunit ribosomal RNA gene, partial sequence	True
otuPS232	Ilex subodorata	6055512	2033797	MK164408.1	2020/07/30	True	new seq added; identical and/or subsequence of otuPS209, but different taxon	-	Ilex subodorata isolate Y164 18S ribosomal RNA gene, partial sequence; internal transcribed spacer 1, 5.8S ribosomal RNA gene, and internal transcribed spacer 2, complete sequence; and 26S ribosomal RNA gene, partial sequence	True
otuPS233	Ilex ciliospinosa	670986	4299	FJ394666.1	2020/07/30	True	new	-	Ilex ciliospinosa voucher S. Andrews SA1484 internal transcribed spacer 1, partial sequence; 5.8S ribosomal RNA gene, complete sequence; and internal transcribed spacer 2, partial sequence	True
otuPS234	Ilex fargesii	694226	185509	MH711646.1	2020/07/30	True	new	-	Ilex fargesii voucher Q824 small subunit ribosomal RNA gene, partial sequence; internal transcribed spacer 1, 5.8S ribosomal RNA gene, and internal transcribed spacer 2, complete sequence; and large subunit ribosomal RNA gene, partial sequence	True
otuPS235	Ilex bioritsensis	302241	185494	FJ394662.1	2020/07/30	True	new	-	Ilex bioritsensis voucher S. Andrews SA1480 internal transcribed spacer 1, partial sequence; 5.8S ribosomal RNA gene, complete sequence; and internal transcribed spacer 2, partial sequence	True
otuPS236	Ilex pernyi	190823	4300	FJ394706.1	2020/07/30	True	new	-	Ilex pernyi voucher Y.-M. Yuan sn. internal transcribed spacer 1, partial sequence; 5.8S ribosomal RNA gene, complete sequence; and internal transcribed spacer 2, partial sequence	True
otuPS237	Ilex georgei	171382	185513	FJ394685.1	2020/07/30	True	new	-	Ilex georgei voucher S. Andrews SA1454 internal transcribed spacer 1, partial sequence; 5.8S ribosomal RNA gene, complete sequence; and internal transcribed spacer 2, partial sequence	True
otuPS238	Ilex intermedia	5746288	2033745	MK164404.1	2020/07/30	True	new seq added; identical and/or subsequence of otuPS232, but different taxon	-	Ilex intermedia isolate Y195 18S ribosomal RNA gene, partial sequence; internal transcribed spacer 1, 5.8S ribosomal RNA gene, and internal transcribed spacer 2, complete sequence; and 26S ribosomal RNA gene, partial sequence	True
otuPS239	Ilex intermedia	5746288	2033745	MK164403.1	None	True	identical and/or subsequence of otuPS238, not added	-	Ilex intermedia isolate Y188 18S ribosomal RNA gene, partial sequence; internal transcribed spacer 1, 5.8S ribosomal RNA gene, and internal transcribed spacer 2, complete sequence; and 26S ribosomal RNA gene, partial sequence	False
otuPS240	Ilex x makinoi	5144139	185487	FJ394725.1	2020/07/30	True	new	-	Ilex x makinoi voucher S. Andrews SA1520 internal transcribed spacer 1, partial sequence; 5.8S ribosomal RNA gene, complete sequence; and internal transcribed spacer 2, partial sequence	True
otuPS241	Ilex x wandoensis	5144138	525220	MK240406.1	None	True	removed in sampling down to 5 per spp.	-	Ilex x wandoensis clone isolate BM5-1 small subunit ribosomal RNA gene, partial sequence; internal transcribed spacer 1, 5.8S ribosomal RNA gene, and internal transcribed spacer 2, complete sequence; and large subunit ribosomal RNA gene, partial sequence	False
otuPS242	Ilex x wandoensis	5144138	525220	KY682216.1	None	True	removed in sampling down to 5 per spp.	-	Ilex x wandoensis isolate IWF_CL11 18S ribosomal RNA gene, partial sequence; internal transcribed spacer 1, 5.8S ribosomal RNA gene, and internal transcribed spacer 2, complete sequence; and 28S ribosomal RNA gene, partial sequence	False
otuPS243	Ilex x wandoensis	5144138	525220	MK240398.1	2020/07/31	True	new	-	Ilex x wandoensis clone isolate BM3-1 small subunit ribosomal RNA gene, partial sequence; internal transcribed spacer 1, 5.8S ribosomal RNA gene, and internal transcribed spacer 2, complete sequence; and large subunit ribosomal RNA gene, partial sequence	True
otuPS244	Ilex x wandoensis	5144138	525220	MK240409.1	None	True	removed in sampling down to 5 per spp.	-	Ilex x wandoensis clone isolate BM5-4 small subunit ribosomal RNA gene, partial sequence; internal transcribed spacer 1, 5.8S ribosomal RNA gene, and internal transcribed spacer 2, complete sequence; and large subunit ribosomal RNA gene, partial sequence	False
otuPS245	Ilex integra	751453	53204	KY417948.1	None	True	removed in sampling down to 5 per spp.	-	Ilex integra isolate JL-I39 small subunit ribosomal RNA gene, partial sequence; internal transcribed spacer 1, 5.8S ribosomal RNA gene, and internal transcribed spacer 2, complete sequence; and large subunit ribosomal RNA gene, partial sequence	False
otuPS246	Ilex x wandoensis	5144138	525220	KY682229.1	None	True	removed in sampling down to 5 per spp.	-	Ilex x wandoensis isolate IWF_CL09 18S ribosomal RNA gene, partial sequence; internal transcribed spacer 1, 5.8S ribosomal RNA gene, and internal transcribed spacer 2, complete sequence; and 28S ribosomal RNA gene, partial sequence	False
otuPS247	Ilex x wandoensis	5144138	525220	KY682247.1	None	True	removed in sampling down to 5 per spp.	-	Ilex x wandoensis isolate IWM_CL17 18S ribosomal RNA gene, partial sequence; internal transcribed spacer 1, 5.8S ribosomal RNA gene, and internal transcribed spacer 2, complete sequence; and 28S ribosomal RNA gene, partial sequence	False
otuPS248	Ilex x wandoensis	5144138	525220	KY682246.1	None	True	removed in sampling down to 5 per spp.	-	Ilex x wandoensis isolate IWM_CL16 18S ribosomal RNA gene, partial sequence; internal transcribed spacer 1, 5.8S ribosomal RNA gene, and internal transcribed spacer 2, complete sequence; and 28S ribosomal RNA gene, partial sequence	False
otuPS249	Ilex x wandoensis	5144138	525220	KY682245.1	None	True	removed in sampling down to 5 per spp.	-	Ilex x wandoensis isolate IWM_CL15 18S ribosomal RNA gene, partial sequence; internal transcribed spacer 1, 5.8S ribosomal RNA gene, and internal transcribed spacer 2, complete sequence; and 28S ribosomal RNA gene, partial sequence	False
otuPS250	Ilex liukiuensis	796105	58303	FJ394695.1	2020/07/30	True	new seq added; identical and/or subsequence of otuPS247, but different taxon	-	Ilex liukiuensis voucher H. Nagamasu 5034 internal transcribed spacer 1, partial sequence; 5.8S ribosomal RNA gene, complete sequence; and internal transcribed spacer 2, partial sequence	True
otuPS251	Ilex x wandoensis	5144138	525220	KY682244.1	None	True	removed in sampling down to 5 per spp.	-	Ilex x wandoensis isolate IWM_CL13 18S ribosomal RNA gene, partial sequence; internal transcribed spacer 1, 5.8S ribosomal RNA gene, and internal transcribed spacer 2, complete sequence; and 28S ribosomal RNA gene, partial sequence	False
otuPS252	Ilex x wandoensis	5144138	525220	KY682212.1	None	True	removed in sampling down to 5 per spp.	-	Ilex x wandoensis isolate IWF_CL02 18S ribosomal RNA gene, partial sequence; internal transcribed spacer 1, 5.8S ribosomal RNA gene, and internal transcribed spacer 2, complete sequence; and 28S ribosomal RNA gene, partial sequence	False
otuPS253	Ilex x wandoensis	5144138	525220	MK240403.1	None	True	removed in sampling down to 5 per spp.	-	Ilex x wandoensis clone isolate BM4-2 small subunit ribosomal RNA gene, partial sequence; internal transcribed spacer 1, 5.8S ribosomal RNA gene, and internal transcribed spacer 2, complete sequence; and large subunit ribosomal RNA gene, partial sequence	False
otuPS254	Ilex x wandoensis	5144138	525220	MK240417.1	None	True	removed in sampling down to 5 per spp.	-	Ilex x wandoensis clone isolate BM7-4 small subunit ribosomal RNA gene, partial sequence; internal transcribed spacer 1, 5.8S ribosomal RNA gene, and internal transcribed spacer 2, complete sequence; and large subunit ribosomal RNA gene, partial sequence	False
otuPS255	Ilex x wandoensis	5144138	525220	MK240415.1	None	True	identical and/or subsequence of otuPS254, not added	-	Ilex x wandoensis clone isolate BM7-2 small subunit ribosomal RNA gene, partial sequence; internal transcribed spacer 1, 5.8S ribosomal RNA gene, and internal transcribed spacer 2, complete sequence; and large subunit ribosomal RNA gene, partial sequence	False
otuPS256	Ilex x wandoensis	5144138	525220	MK240410.1	None	True	removed in sampling down to 5 per spp.	-	Ilex x wandoensis clone isolate BM6-1 small subunit ribosomal RNA gene, partial sequence; internal transcribed spacer 1, 5.8S ribosomal RNA gene, and internal transcribed spacer 2, complete sequence; and large subunit ribosomal RNA gene, partial sequence	False
otuPS257	Ilex x wandoensis	5144138	525220	MK240399.1	None	True	removed in sampling down to 5 per spp.	-	Ilex x wandoensis clone isolate BM3-2 small subunit ribosomal RNA gene, partial sequence; internal transcribed spacer 1, 5.8S ribosomal RNA gene, and internal transcribed spacer 2, complete sequence; and large subunit ribosomal RNA gene, partial sequence	False
otuPS258	Ilex x wandoensis	5144138	525220	KY682214.1	None	True	removed in sampling down to 5 per spp.	-	Ilex x wandoensis isolate IWF_CL04 18S ribosomal RNA gene, partial sequence; internal transcribed spacer 1, 5.8S ribosomal RNA gene, and internal transcribed spacer 2, complete sequence; and 28S ribosomal RNA gene, partial sequence	False
otuPS259	Ilex nuculicava	5746314	2606427	MK033994.1	2020/07/31	True	new	-	Ilex nuculicava isolate Y67 18S small subunit ribosomal RNA gene, partial sequence; internal transcribed spacer 1, 5.8S ribosomal RNA gene, and internal transcribed spacer 2, complete sequence; and 26S large subunit ribosomal RNA gene, partial sequence	True
otuPS260	Ilex shukunii	7050796	2606430	MK034003.1	2020/07/31	True	new	-	Ilex shukunii isolate Y219 18S small subunit ribosomal RNA gene, partial sequence; internal transcribed spacer 1, 5.8S ribosomal RNA gene, and internal transcribed spacer 2, complete sequence; and 26S large subunit ribosomal RNA gene, partial sequence	True
otuPS261	Ilex shukunii	7050796	2606430	MK034002.1	2020/07/31	True	new	-	Ilex shukunii isolate Y196 18S small subunit ribosomal RNA gene, partial sequence; internal transcribed spacer 1, 5.8S ribosomal RNA gene, and internal transcribed spacer 2, complete sequence; and 26S large subunit ribosomal RNA gene, partial sequence	True
otuPS262	Ilex shukunii	7050796	2606430	MK034001.1	None	True	identical and/or subsequence of otuPS261, not added	-	Ilex shukunii isolate Y170 18S small subunit ribosomal RNA gene, partial sequence; internal transcribed spacer 1, 5.8S ribosomal RNA gene, and internal transcribed spacer 2, complete sequence; and 26S large subunit ribosomal RNA gene, partial sequence	False
otuPS263	Ilex shukunii	7050796	2606430	MK034000.1	None	True	identical and/or subsequence of otuPS261, not added	-	Ilex shukunii isolate Y169 18S small subunit ribosomal RNA gene, partial sequence; internal transcribed spacer 1, 5.8S ribosomal RNA gene, and internal transcribed spacer 2, complete sequence; and 26S large subunit ribosomal RNA gene, partial sequence	False
otuPS264	Ilex shukunii	7050796	2606430	MK033999.1	None	True	identical and/or subsequence of otuPS261, not added	-	Ilex shukunii isolate Y167 18S small subunit ribosomal RNA gene, partial sequence; internal transcribed spacer 1, 5.8S ribosomal RNA gene, and internal transcribed spacer 2, complete sequence; and 26S large subunit ribosomal RNA gene, partial sequence	False
otuPS265	Ilex shukunii	7050796	2606430	MK033998.1	None	True	identical and/or subsequence of otuPS261, not added	-	Ilex shukunii isolate Y88 18S small subunit ribosomal RNA gene, partial sequence; internal transcribed spacer 1, 5.8S ribosomal RNA gene, and internal transcribed spacer 2, complete sequence; and 26S large subunit ribosomal RNA gene, partial sequence	False
otuPS266	Ilex shukunii	7050796	2606430	MK033997.1	2020/07/31	True	new	-	Ilex shukunii isolate Y65 18S small subunit ribosomal RNA gene, partial sequence; internal transcribed spacer 1, 5.8S ribosomal RNA gene, and internal transcribed spacer 2, complete sequence; and 26S large subunit ribosomal RNA gene, partial sequence	True
otuPS267	Ilex x wandoensis	5144138	525220	KY682243.1	None	True	removed in sampling down to 5 per spp.	-	Ilex x wandoensis isolate IWM_CL04 18S ribosomal RNA gene, partial sequence; internal transcribed spacer 1, 5.8S ribosomal RNA gene, and internal transcribed spacer 2, complete sequence; and 28S ribosomal RNA gene, partial sequence	False
otuPS268	Ilex corallina var. aberrans	5264382	1403283	KF255675.1	2020/07/31	True	new	-	Ilex corallina var. aberrans isolate DQ_12 internal transcribed spacer 1, partial sequence; 5.8S ribosomal RNA gene, complete sequence; and internal transcribed spacer 2, partial sequence	True
otuPS269	Ilex corallina	694221	185500	KF113872.1	2020/07/31	True	seq otuPS269 is supersequence of otuPS268, but different taxon 	-	Ilex corallina 18S ribosomal RNA gene, partial sequence; internal transcribed spacer 1, 5.8S ribosomal RNA gene, and internal transcribed spacer 2, complete sequence; and 28S ribosomal RNA gene, partial sequence	True
otuPS270	Ilex lihuaensis	5232390	1398198	KF113871.1	2020/07/31	True	new	-	Ilex lihuaensis 18S ribosomal RNA gene, partial sequence; internal transcribed spacer 1, 5.8S ribosomal RNA gene, and internal transcribed spacer 2, complete sequence; and 28S ribosomal RNA gene, partial sequence	True
otuPS271	Ilex venulosa	6055549	2082849	MH266099.1	2020/07/31	True	new	-	Ilex venulosa voucher NEHU:12080-5 internal transcribed spacer 1, partial sequence; 5.8S ribosomal RNA gene and internal transcribed spacer 2, complete sequence; and large subunit ribosomal RNA gene, partial sequence	True
otuPS272	Ilex macrocarpa	222018	185530	AJ492689.1	2020/07/31	True	new	-	Ilex macrocarpa ITS1 (partial), 5.8S rDNA gene and ITS2 (partial)	True
otuPS273	Ilex aculeolata	876943	185488	JF976675.1	None	True	identical and/or subsequence of otuPS55, not added	-	Ilex aculeolata voucher Z135 18S ribosomal RNA gene, partial sequence; internal transcribed spacer 1, 5.8S ribosomal RNA gene, and internal transcribed spacer 2, complete sequence; and 28S ribosomal RNA gene, partial sequence	False
otuPS274	Ilex percoriacea	796107	58302	AH007156.2	2020/07/31	True	new	-	Ilex percoriacea 18S ribosomal RNA gene, partial sequence; internal transcribed spacer 1, complete sequence; 5.8S ribosomal RNA gene, partial sequence; internal transcribed spacer 2, complete sequence; and 26S ribosomal RNA gene, partial sequence	True
otuPS275	Ilex buergeri	89480	58297	AH007151.2	2020/07/31	True	new	-	Ilex buergeri 18S ribosomal RNA gene, partial sequence; internal transcribed spacer 1, complete sequence; 5.8S ribosomal RNA gene, partial sequence; internal transcribed spacer 2, complete sequence; and 26S ribosomal RNA gene, partial sequence	True
otuPS276	Ilex ficoidea	311432	504559	KY417935.1	2020/07/31	True	new	-	Ilex ficoidea isolate JL-I29 small subunit ribosomal RNA gene, partial sequence; internal transcribed spacer 1, 5.8S ribosomal RNA gene, and internal transcribed spacer 2, complete sequence; and large subunit ribosomal RNA gene, partial sequence	True
otuPS277	Ilex maximowicziana	89476	58292	AH007145.2	2020/07/31	True	new	-	Ilex maximowicziana 18S ribosomal RNA gene, partial sequence; internal transcribed spacer 1, complete sequence; 5.8S ribosomal RNA gene, partial sequence; internal transcribed spacer 2, complete sequence; and 26S ribosomal RNA gene, partial sequence	True
otuPS278	Ilex pedunculosa	751461	53208	AH007295.2	2020/07/31	True	new	-	Ilex pedunculosa 18S ribosomal RNA gene, partial sequence; internal transcribed spacer 1, complete sequence; 5.8S ribosomal RNA gene, partial sequence; internal transcribed spacer 2, complete sequence; and 26S ribosomal RNA gene, partial sequence	True
otuPS279	Ilex liukiuensis	796105	58303	AH007157.2	2020/07/31	True	new	-	Ilex liukiuensis 18S ribosomal RNA gene, partial sequence; internal transcribed spacer 1, complete sequence; 5.8S ribosomal RNA gene, partial sequence; internal transcribed spacer 2, complete sequence; and 26S ribosomal RNA gene, partial sequence	True
otuPS280	Ilex rotunda	1015268	53211	KY417951.1	None	True	removed in sampling down to 5 per spp.	-	Ilex rotunda isolate JL-I41 small subunit ribosomal RNA gene, partial sequence; internal transcribed spacer 1, 5.8S ribosomal RNA gene, and internal transcribed spacer 2, complete sequence; and large subunit ribosomal RNA gene, partial sequence	False
otuPS281	Ilex rotunda	1015268	53211	KY417950.1	None	True	removed in sampling down to 5 per spp.	-	Ilex rotunda isolate JL-I42 small subunit ribosomal RNA gene, partial sequence; internal transcribed spacer 1, 5.8S ribosomal RNA gene, and internal transcribed spacer 2, complete sequence; and large subunit ribosomal RNA gene, partial sequence	False
otuPS282	Ilex macropoda	796117	58305	AH007161.2	2020/07/30	True	new	-	Ilex macropoda 18S ribosomal RNA gene, partial sequence; internal transcribed spacer 1, complete sequence; 5.8S ribosomal RNA gene, partial sequence; internal transcribed spacer 2, complete sequence; and 26S ribosomal RNA gene, partial sequence	True
otuPS283	Ilex venusta	7050839	2082850	KY417930.1	2020/07/30	True	new	-	Ilex venusta isolate JL-I33 small subunit ribosomal RNA gene, partial sequence; internal transcribed spacer 1, 5.8S ribosomal RNA gene, and internal transcribed spacer 2, complete sequence; and large subunit ribosomal RNA gene, partial sequence	True
otuPS284	Nemopanthus mucronatus	601098	4302	AH007162.2	None	True	Not within requested MRCA ncbi:4295	-	Nemopanthus mucronatus 18S ribosomal RNA gene, partial sequence; internal transcribed spacer 1, complete sequence; 5.8S ribosomal RNA gene, partial sequence; internal transcribed spacer 2, complete sequence; and 26S ribsomal RNA gene, partial sequence	False
otuPS285	Ilex kwangtungensis	6055344	2033746	KY417943.1	2020/07/30	True	new	-	Ilex kwangtungensis isolate JL-I10 small subunit ribosomal RNA gene, partial sequence; internal transcribed spacer 1, 5.8S ribosomal RNA gene, and internal transcribed spacer 2, complete sequence; and large subunit ribosomal RNA gene, partial sequence	True
otuPS286	Ilex triflora	68456	185557	AJ492675.1	2020/07/30	True	new	-	Ilex triflora ITS1 (partial), 5.8S rDNA gene and ITS2 (partial)	True
otuPS287	Ilex latifolia	676217	53205	AH007150.2	None	True	removed in sampling down to 5 per spp.	-	Ilex latifolia 18S ribosomal RNA gene, partial sequence; internal transcribed spacer 1, complete sequence; 5.8S ribosomal RNA gene, partial sequence; internal transcribed spacer 2, complete sequence; and 26S ribosomal RNA gene, partial sequence	False
otuPS288	Ilex latifrons	5232389	1398197	KF113877.1	2020/07/30	True	new	-	Ilex latifrons 18S ribosomal RNA gene, partial sequence; internal transcribed spacer 1, 5.8S ribosomal RNA gene, and internal transcribed spacer 2, complete sequence; and 28S ribosomal RNA gene, partial sequence	True
otuPS289	Ilex cochinchinensis	1052069	1009481	KF113874.1	2020/07/30	True	new	-	Ilex cochinchinensis 18S ribosomal RNA gene, partial sequence; internal transcribed spacer 1, 5.8S ribosomal RNA gene, and internal transcribed spacer 2, complete sequence; and 28S ribosomal RNA gene, partial sequence	True
otuPS290	Ilex sp. LJ-2018	7050800	2082847	KY417929.1	2020/07/30	True	new	-	Ilex sp. LJ-2018 isolate JL-I44 small subunit ribosomal RNA gene, partial sequence; internal transcribed spacer 1, 5.8S ribosomal RNA gene, and internal transcribed spacer 2, complete sequence; and large subunit ribosomal RNA gene, partial sequence	True
otuPS291	Ilex guianensis	171384	185514	AJ492668.1	2020/07/30	True	new	-	Ilex guianensis ITS1 (partial), 5.8S rDNA gene and ITS2 (partial), isolate 307	True
otuPS292	Ilex x wandoensis	5144138	525220	KY682225.1	None	True	removed in sampling down to 5 per spp.	-	Ilex x wandoensis isolate IWF_CL15 18S ribosomal RNA gene, partial sequence; internal transcribed spacer 1, 5.8S ribosomal RNA gene, and internal transcribed spacer 2, complete sequence; and 28S ribosomal RNA gene, partial sequence	False
otuPS293	Ilex cassine	468907	146503	KF155349.1	2020/07/30	True	new	-	Ilex cassine voucher FLAS:J.Nelson 26944 internal transcribed spacer 1, partial sequence; 5.8S ribosomal RNA gene, complete sequence; and internal transcribed spacer 2, partial sequence	True
otuPS294	Ilex myrtifolia	222003	185536	KF155350.1	2020/07/30	True	new	-	Ilex myrtifolia voucher FLAS:R.Peet s.n. internal transcribed spacer 1, partial sequence; 5.8S ribosomal RNA gene, complete sequence; and internal transcribed spacer 2, partial sequence	True
otuPS295	Ilex x wandoensis	5144138	525220	KY682242.1	None	True	removed in sampling down to 5 per spp.	-	Ilex x wandoensis isolate IWM_CL06 18S ribosomal RNA gene, partial sequence; internal transcribed spacer 1, 5.8S ribosomal RNA gene, and internal transcribed spacer 2, complete sequence; and 28S ribosomal RNA gene, partial sequence	False
otuPS296	Ilex x wandoensis	5144138	525220	KY682219.1	None	True	removed in sampling down to 5 per spp.	-	Ilex x wandoensis isolate IWF_CL22 18S ribosomal RNA gene, partial sequence; internal transcribed spacer 1, 5.8S ribosomal RNA gene, and internal transcribed spacer 2, complete sequence; and 28S ribosomal RNA gene, partial sequence	False
otuPS297	Ilex pernyi	190823	4300	MH711663.1	2020/07/31	True	new	-	Ilex pernyi voucher Q841 small subunit ribosomal RNA gene, partial sequence; internal transcribed spacer 1 and 5.8S ribosomal RNA gene, complete sequence; and internal transcribed spacer 2, partial sequence	True
otuPS298	Ilex pernyi	190823	4300	KY417940.1	2020/07/31	True	new	-	Ilex pernyi isolate JL-I14 small subunit ribosomal RNA gene, partial sequence; internal transcribed spacer 1, 5.8S ribosomal RNA gene, and internal transcribed spacer 2, complete sequence; and large subunit ribosomal RNA gene, partial sequence	True
otuPS299	Ilex x wandoensis	5144138	525220	KY682233.1	None	True	removed in sampling down to 5 per spp.	-	Ilex x wandoensis isolate IWM_CL08 18S ribosomal RNA gene, partial sequence; internal transcribed spacer 1, 5.8S ribosomal RNA gene, and internal transcribed spacer 2, complete sequence; and 28S ribosomal RNA gene, partial sequence<>Ilex x wandoensis isolate IWM_CL21 18S ribosomal RNA gene, partial sequence; internal transcribed spacer 1, 5.8S ribosomal RNA gene, and internal transcribed spacer 2, complete sequence; and 28S ribosomal RNA gene, partial sequence	False
otuPS300	Ilex x wandoensis	5144138	525220	KY682220.1	None	True	removed in sampling down to 5 per spp.	-	Ilex x wandoensis isolate IWF_CL05 18S ribosomal RNA gene, partial sequence; internal transcribed spacer 1, 5.8S ribosomal RNA gene, and internal transcribed spacer 2, complete sequence; and 28S ribosomal RNA gene, partial sequence	False
otuPS301	Ilex kingiana	745679	185522	FJ394692.1	2020/07/31	True	new	-	Ilex kingiana voucher S. Andrews SA1494 internal transcribed spacer 1, partial sequence; 5.8S ribosomal RNA gene, complete sequence; and internal transcribed spacer 2, partial sequence	True
otuPS302	Ilex pernyi	190823	4300	MK034007.1	2020/07/31	True	new	-	Ilex pernyi isolate Y120 18S small subunit ribosomal RNA gene, partial sequence; internal transcribed spacer 1, 5.8S ribosomal RNA gene, and internal transcribed spacer 2, complete sequence; and 26S large subunit ribosomal RNA gene, partial sequence	True
otuPS303	Ilex sp. LJ-2018	7050800	2082847	KY417936.1	2020/07/31	True	new	-	Ilex sp. LJ-2018 isolate JL-I27 small subunit ribosomal RNA gene, partial sequence; internal transcribed spacer 1, 5.8S ribosomal RNA gene, and internal transcribed spacer 2, complete sequence; and large subunit ribosomal RNA gene, partial sequence	True
otuPS304	Ilex wilsonii	641715	185562	FJ394722.1	2020/07/31	True	new	-	Ilex wilsonii voucher S. Andrews SA1500 internal transcribed spacer 1, partial sequence; 5.8S ribosomal RNA gene, complete sequence; and internal transcribed spacer 2, partial sequence	True
otuPS305	Ilex venulosa	6055549	2082849	MH266111.1	None	True	removed in sampling down to 5 per spp.	-	Ilex venulosa voucher NEHU:12080-23 small subunit ribosomal RNA gene, partial sequence; internal transcribed spacer 1, 5.8S ribosomal RNA gene, and internal transcribed spacer 2, complete sequence; and large subunit ribosomal RNA gene, partial sequence	False
otuPS306	Ilex venulosa	6055549	2082849	MH266112.1	None	True	removed in sampling down to 5 per spp.	-	Ilex venulosa voucher NEHU:12080-24 small subunit ribosomal RNA gene, partial sequence; internal transcribed spacer 1, 5.8S ribosomal RNA gene, and internal transcribed spacer 2, complete sequence; and large subunit ribosomal RNA gene, partial sequence	False
otuPS307	Ilex khasiana	6055340	2174075	MH266089.1	2020/07/31	True	new	-	Ilex khasiana voucher NEHU:12081-7 small subunit ribosomal RNA gene, partial sequence; internal transcribed spacer 1 and 5.8S ribosomal RNA gene, complete sequence; and internal transcribed spacer 2, partial sequence	True
otuPS308	Ilex khasiana	6055340	2174075	MH266084.1	None	True	identical and/or subsequence of otuPS307, not added	-	Ilex khasiana voucher NEHU:12081-1 small subunit ribosomal RNA gene, partial sequence; internal transcribed spacer 1 and 5.8S ribosomal RNA gene, complete sequence; and internal transcribed spacer 2, partial sequence	False
otuPS309	Ilex venulosa	6055549	2082849	MH266102.1	None	True	removed in sampling down to 5 per spp.	-	Ilex venulosa voucher NEHU:12080-2 small subunit ribosomal RNA gene, partial sequence; internal transcribed spacer 1, 5.8S ribosomal RNA gene, and internal transcribed spacer 2, complete sequence; and large subunit ribosomal RNA gene, partial sequence	False
otuPS310	Ilex khasiana	6055340	2174075	MH266092.1	2020/07/30	True	new	-	Ilex khasiana voucher NEHU:12081-10 internal transcribed spacer 1, partial sequence; 5.8S ribosomal RNA gene and internal transcribed spacer 2, complete sequence; and large subunit ribosomal RNA gene, partial sequence	True
otuPS311	Ilex macrocarpa	222018	185530	MH712617.1	2020/07/30	True	new	-	Ilex macrocarpa voucher Ge130819 small subunit ribosomal RNA gene, partial sequence; internal transcribed spacer 1 and 5.8S ribosomal RNA gene, complete sequence; and internal transcribed spacer 2, partial sequence	True
otuPS312	Ilex kusanoi	745677	185523	FJ394693.1	2020/07/30	True	new	-	Ilex kusanoi voucher S. Andrews SA1512 internal transcribed spacer 1, partial sequence; 5.8S ribosomal RNA gene, complete sequence; and internal transcribed spacer 2, partial sequence	True
otuPS313	Ilex ficoidea	311432	504559	KF113863.1	2020/07/30	True	new	-	Ilex ficoidea internal transcribed spacer 1, partial sequence; 5.8S ribosomal RNA gene and internal transcribed spacer 2, complete sequence; and 28S ribosomal RNA gene, partial sequence	True
otuPS314	Ilex rugosa	1015271	53212	AH007158.2	2020/07/31	True	new	-	Ilex rugosa 18S ribosomal RNA gene, partial sequence; internal transcribed spacer 1, complete sequence; 5.8S ribosomal RNA gene, partial sequence; internal transcribed spacer 2, complete sequence; and 26S ribosomal RNA gene, partial sequence	True
otuPS315	Ilex serrata	796121	58304	AH007159.2	2020/07/31	True	new	-	Ilex serrata 18S ribosomal RNA gene, partial sequence; internal transcribed spacer 1, complete sequence; 5.8S ribosomal RNA gene, partial sequence; internal transcribed spacer 2, complete sequence; and 26S ribosomal RNA gene, partial sequence	True
otuPS316	Ilex mutchagara	89474	58293	AH007146.2	2020/07/31	True	new	-	Ilex mutchagara 18S ribosomal RNA gene, partial sequence; internal transcribed spacer 1, complete sequence; 5.8S ribosomal RNA gene, partial sequence; internal transcribed spacer 2, complete sequence; and 26S ribosomal RNA gene, partial sequence	True
otuPS317	Ilex guianensis	171384	185514	AJ492669.1	2020/07/31	True	new	-	Ilex guianensis ITS1 (partial), 5.8S rDNA gene and ITS2 (partial), isolate H7	True
otuPS318	Ilex ficoidea	311432	504559	KF255665.1	None	True	identical and/or subsequence of otuPS313, not added	-	Ilex ficoidea isolate DQ_1 internal transcribed spacer 1, partial sequence; 5.8S ribosomal RNA gene, complete sequence; and internal transcribed spacer 2, partial sequence	False
otuPS319	Ilex macrocarpa	222018	185530	KF255671.1	None	True	identical and/or subsequence of otuPS320, not added	-	Ilex macrocarpa isolate DQ_8 internal transcribed spacer 1, partial sequence; 5.8S ribosomal RNA gene, complete sequence; and internal transcribed spacer 2, partial sequence	False
otuPS320	Ilex macrocarpa	222018	185530	KF113868.1	2020/07/31	True	seq otuPS320 is supersequence of otuPS319, otuPS320 added and otuPS319 removed 	-	Ilex macrocarpa internal transcribed spacer 1, partial sequence; 5.8S ribosomal RNA gene and internal transcribed spacer 2, complete sequence; and 28S ribosomal RNA gene, partial sequence	True
otuPS321	Ilex macrocarpa	222018	185530	MH710701.1	None	True	identical and/or subsequence of otuPS311, not added	-	Ilex macrocarpa voucher Ge130845 internal transcribed spacer 1, partial sequence; 5.8S ribosomal RNA gene, complete sequence; and internal transcribed spacer 2, partial sequence	False
otuPS322	Ilex chieniana	5264185	1403284	KF255678.1	2020/07/31	True	new seq added; identical and/or subsequence of otuPS289, but different taxon	-	Ilex chieniana isolate DQ_16 internal transcribed spacer 1, partial sequence; 5.8S ribosomal RNA gene, complete sequence; and internal transcribed spacer 2, partial sequence	True
otuPS323	Ilex latifrons	5232389	1398197	KF255681.1	None	True	identical and/or subsequence of otuPS288, not added	-	Ilex latifrons isolate DQ_20 internal transcribed spacer 1, partial sequence; 5.8S ribosomal RNA gene, complete sequence; and internal transcribed spacer 2, partial sequence	False
otuPS324	Ilex cyrtura	694207	185505	MK164402.1	2020/07/31	True	new	-	Ilex cyrtura isolate Y190 18S ribosomal RNA gene, partial sequence; internal transcribed spacer 1, 5.8S ribosomal RNA gene, and internal transcribed spacer 2, complete sequence; and 26S ribosomal RNA gene, partial sequence	True
otuPS325	Ilex cyrtura	694207	185505	MK164401.1	None	True	identical and/or subsequence of otuPS324, not added	-	Ilex cyrtura isolate Y155 18S ribosomal RNA gene, partial sequence; internal transcribed spacer 1, 5.8S ribosomal RNA gene, and internal transcribed spacer 2, complete sequence; and 26S ribosomal RNA gene, partial sequence	False
otuPS326	Ilex micrococca	676195	53206	AH007160.2	None	True	new	-	Ilex micrococca 18S ribosomal RNA gene, partial sequence; internal transcribed spacer 1, complete sequence; 5.8S ribosomal RNA gene, partial sequence; internal transcribed spacer 2, complete sequence; and 26S ribosomal RNA gene, partial sequence	True
otuPS327	Ilex sp. FH-2013	5264186	1403285	KF255677.1	None	True	new	-	Ilex sp. FH-2013 isolate DQ_15 internal transcribed spacer 1, partial sequence; 5.8S ribosomal RNA gene, complete sequence; and internal transcribed spacer 2, partial sequence	True
